track_id,launch_spin_rate,apex_t,apex_x,apex_y,apex_z,landing_t,landing_x,landing_y,landing_z
065c1384-11e8-44d2-bf1a-db288c0ed636,8080.9982199085725,2.3961178441388835,40.57677172383604,84.43040546478622,17.136059001162906,4.631369715617058,72.41621169196212,127.73352510701133,0.0610000000000002
a97c3116-70e1-40b2-afd4-1a00b7147363,4560.201497218124,1.3825692000342586,15.121371024839835,64.129344253719,7.41829759724256,2.740875247165082,42.95220418382607,91.10555920192749,0.0609999999999997
c2dd368c-3e5a-4ed9-8e6e-db8551dd47ac,6644.879856468498,2.633320351253891,58.36388099950154,80.60500008695479,16.981857157151897,4.946009523535286,103.65417199359919,110.14227342581438,0.0609999999999999
dc80735e-d8e3-4716-a20b-73c189f9895d,9266.511657070754,2.5872984356286777,40.93652462708565,58.10657240599309,27.68559104229846,5.2968904820615,86.25613310926173,71.16683261927912,0.0609999999999999
9552ec97-ca7d-447f-8d11-5b17bd3dd31d,10191.998645658186,2.4423045808087718,33.41386245798321,63.278844515018804,23.51716292938922,4.989342349445579,74.40191890507106,82.4352005328065,0.0610000000000002
58f8ba48-c1f0-41d4-acf7-5f03009f021d,8258.48645882964,2.5092541504470383,35.184965948148346,65.44366035300204,24.80525721582712,5.102453488288205,78.5127400866217,87.97538778932777,0.0610000000000004
d6e63f52-a798-467b-a0f5-f99e65bb95f2,10095.702780132644,2.3776143088057977,34.19538667565208,58.28740435129611,24.112973136396487,4.883682716003648,77.17014742590503,71.33244660318914,0.0610000000000004
29a7d003-5dd8-4bf2-a5c3-b43a0e62f453,9916.614213381816,2.0972572515474805,22.198307366719263,56.85888525995599,16.694688313996785,4.225407744857225,57.51062135100317,72.80489450674281,0.0609999999999999
2557cc62-a469-4998-bd82-3ac4a05b6e1b,9905.715492571655,2.38152861980642,32.262580905606264,72.36995121440503,21.631483741336172,4.785001033084133,72.02251637489589,102.54241682652852,0.0609999999999995
acfa182f-177c-4d4d-996d-c573e242e566,6695.797815260835,1.7317306880625796,24.51445599389954,50.05251952110527,11.922640603743549,3.627733141917968,60.626793941648856,61.20935212119018,0.0609999999999997
0486ecf8-2e97-49b5-9e21-5da6b7780770,9422.647562573251,2.9880872206697777,63.12618958097108,80.90075382003248,28.70016370937144,5.900027179786634,113.81654171140077,105.44472527477035,0.0609999999999997
ed127a2a-c0aa-4757-8860-ce5f98df69c6,6564.617174247289,1.5061829456488087,20.02046918072775,46.43588565788254,7.805031848460391,3.1206691091926855,58.60254999623207,55.82175608694997,0.0610000000000002
d2bcae15-56d7-4a9e-90e6-95799e3a2a35,6943.963956149346,2.2717639264025613,41.913139130042374,62.34723024382665,18.42944230847798,4.511532415535739,91.39856723539478,78.32327370212701,0.0610000000000004
72c0ba08-8f1e-4565-8717-2324993544a9,6168.308463514115,2.263390466352361,37.743153821046945,65.64311079220657,16.665674904518305,4.48153844466723,82.24192207108761,87.81986474089939,0.0609999999999999
de5c76ee-26b0-4d84-ac1b-c4ab47500671,4893.122986033351,2.173950919671957,37.814432020829585,68.4541378285221,14.781570780371998,4.266769047145672,81.2291715727826,93.43686153281443,0.0609999999999997
f129a513-86f6-4729-b8b1-18d1e4e43a56,5788.028249141558,2.1862320833101907,36.86514320220708,58.33948649094506,16.58702961027571,4.372291108858224,81.74375516065913,74.74821184248977,0.0610000000000002
73067808-1bfc-4cc6-b493-4c447f40270d,4302.9698766424535,1.4142856490872875,16.265755984476773,44.25054501941011,5.681388983841185,2.657093871742736,49.170549511515595,59.30961895946931,0.0610000000000002
285280f1-1f6b-44bc-a2ef-476010e16d49,5958.750624481621,1.8128652319655725,29.785757319422796,47.98755713103006,10.968168089709017,3.699113102439604,70.50568300486,58.66844650666803,0.0609999999999999
be4dd272-b23c-4e97-9d12-f5ccb63cbd29,3043.1047201282186,1.296146382872713,13.078478121926258,58.77336297482006,4.9774781175875304,2.0905549703270463,32.338979798709246,76.64500934298303,0.0609999999999995
019eccd6-c8ec-4628-bbea-64799279497e,3251.374643568136,1.1288198968321679,11.656153771021545,60.78044366251353,4.84352029495782,2.135008128439281,32.248541490270505,84.46188134468407,0.0610000000000002
76f72813-9fef-47a9-9dbf-e4b5d89c9186,9583.111047358663,1.9151568591561043,18.901177479392796,59.20878525098615,13.590474935958994,3.9066463557379354,48.90604713785504,79.53850801956231,0.0609999999999997
b23e2488-da48-4a9a-ad0d-d4a4cc9471c5,8382.753365253258,1.8843601789666278,16.4111878891359,59.00238847346106,11.842017952655691,3.717910321090498,46.54629448743178,79.50136409497472,0.0609999999999997
a3a794ff-3a50-46fd-8b17-56a2068e39fd,9070.174753869747,1.953518683775183,17.893488106794756,59.10737319311151,13.049864663940337,3.878419735666893,48.474659389185874,79.18427870575904,0.0610000000000004
f2165cd4-8627-4dcd-b620-b54cfad875fa,8406.699907363096,1.9052058476040237,15.604077300860911,58.38397683559432,12.607269105978704,3.7861681004349235,45.6136787213647,79.00648227943874,0.0609999999999999
804862ed-3f03-4534-9db7-dda652f24387,9060.672572569514,1.6486422504666032,13.61836836474776,44.80459539357447,11.128978789847457,3.466800316753966,44.6124843686701,54.89645245058328,0.0609999999999991
fbb23eb1-79e5-4f5c-8fd2-07d12590f9ab,9150.492975885421,2.390218972774893,43.43053295427853,68.10885114773151,16.47897273687513,4.594878819204268,83.31221959532876,90.12309565930191,0.0610000000000002
a29cbdd8-393e-4c90-97e3-00d9624e625e,9061.815500444303,2.543999572440638,46.522608055999704,72.14115657679662,20.456026029824894,5.043682161123133,89.29835376368588,96.99454132262045,0.0609999999999999
0ddb7709-d9f7-456a-a227-71c9aa57b9a1,8911.609539704586,2.3869964820835587,41.75812043721829,69.43365885446744,18.222723696996226,4.7313088591507615,82.1602033400313,95.98025160492851,0.0609999999999999
9a4ce044-d674-4cb0-a8cf-e330fa857125,8526.79091723401,2.4490482703837215,46.64032240437644,70.09005334417262,17.991520667822115,4.766849252084994,89.80508591304373,95.33902689042982,0.0610000000000004
d854cda9-05b5-403c-864c-f6b21d9655ec,8559.641028617005,2.497351945714345,46.14439524202227,71.12870500350219,19.016261774684644,4.926389757459777,88.33946729999651,97.14470099351342,0.0609999999999997
bd004b3a-5a67-49ee-b5a5-afdfe08e5aa7,6691.058823804253,2.5874877443597417,59.38445674137251,77.93132104046269,15.598577443589134,4.821116165801091,104.209843067895,104.35023622461493,0.0610000000000002
bd39aa44-4555-4e73-aa42-1757251a92b1,5754.526583074855,2.9408847416750277,74.73024293861991,83.65486653075466,21.3526766952382,5.638171461938029,127.57138204198895,113.7266372245154,0.0610000000000002
9d5b81cf-3435-49b4-a8d4-7f2ce906312d,5820.688518790482,2.641670664153201,71.27197963800046,72.51276233165393,15.547097358247628,4.929124192418604,122.45245465011607,92.7514849368735,0.0610000000000002
9fbfdeab-f375-49a0-b030-27aefcf4ebe2,5501.625282403428,2.4010634804075535,56.39995998462538,71.4826788206819,13.323663663310244,4.482731360672074,102.66070944532196,93.32436941213541,0.0609999999999999
f9636e73-ecd9-4959-91b9-20e36e651231,6255.841062086987,2.8682943208169,70.9496351605368,81.76363995239953,20.140212577785135,5.4569271918564235,120.40223830240882,110.30716507330072,0.0610000000000002
54c5a503-27ec-451c-81e6-d610eef73666,5848.370260341057,2.640429909559912,65.62204136814626,81.98332613204214,15.025315204968834,4.8866798948074965,113.37023900736482,108.6322540053505,0.0610000000000001
87679773-3eec-42fc-892b-b143d4bd5d6f,5478.378155912214,2.657980469330424,78.00842954732354,64.23258276728819,14.667787179265702,4.869857314093376,129.56894733793345,77.70740059589068,0.0610000000000002
cfe21f1b-2c25-49b3-8b18-447161bf8e12,4553.482242412066,2.441248765132988,66.13841886169425,63.395713619700764,13.129382137327742,4.546958841447663,117.35769583069506,80.88590847623017,0.0610000000000001
5edf441b-901c-42b3-8436-39c6fab563bd,4866.817685119609,2.42270776788457,67.55622275976309,60.34776110719604,12.036605573049778,4.388887603174792,117.84048548139742,75.40387815441989,0.0609999999999999
71979658-b314-4131-92ec-87529509adb8,5181.6485264076955,2.74853089604944,81.55620079358691,63.230279854570824,16.628410124920673,5.112955767445683,134.6921203079662,77.1580935256485,0.0610000000000002
271b6452-9b23-4e6c-be3d-8e30b0dc4910,2950.0692726475045,2.888574814779673,89.28900513353885,88.7728026572917,21.342789180135018,5.5011607338215285,156.77237027898593,123.18617147597685,0.0610000000000002
67f65d63-9f7a-48a0-b120-910512f23427,3954.699779321786,3.101224444885744,99.98318736188693,104.47324103995622,17.51263894622137,5.575628043151099,159.21577807283688,143.42304368032657,0.0609999999999999
95b1bfbd-c166-4b6c-a980-193fd0dc2ab0,4200.836442680935,3.0858364097662543,98.3280191193805,100.16735352521677,17.877544328832663,5.590801986935468,158.69992589756612,134.59227492513583,0.0609999999999999
e50f7ff5-2575-4026-b5b9-6cab680afe19,3960.951096731386,2.519707374014708,69.09296998103159,65.07280408687149,18.180573681434858,5.006391490142606,129.16392763192923,82.88944691691154,0.0609999999999999
5d2114db-21d1-4805-becf-69734cf00391,2807.216442037187,2.5007531926439834,77.88529834471792,80.59831749488914,16.48617834572408,4.940148324567533,142.1768240942437,112.89474433326048,0.0609999999999997
042454b1-8bef-4869-8efa-95e7031f02e8,3381.6918011722073,2.568446930009804,85.3140599447394,88.71687840139832,13.871474218327451,4.986376456568009,150.21950153898638,120.19809632796648,0.0610000000000001
a2cf6bc9-2baf-4ff7-bc0c-267104b6d179,2110.7589182182696,2.9588831192943106,101.26858560224294,98.83629950268542,25.40860120270081,5.707418236622431,175.6147832015265,137.4640059691554,0.0610000000000004
5ead2d3c-28cf-45b4-80bb-517f787c323f,2030.4196301019183,2.9084616138846893,102.05601484905297,85.2421354202545,25.659983671741685,5.6869182390120825,185.30853579083526,111.64177324965247,0.0610000000000002
205cadeb-9451-42c6-8aa0-70e053b96fc6,6697.398260722558,2.158553343127177,47.47603504818448,67.8118209622468,8.97255325476621,3.8977534705879204,86.8839252285311,86.3942925374508,0.0610000000000002
94c42ee3-5858-4f12-8bf3-4a6c1ddabbb4,9896.308989338668,2.6583488563257003,46.8184743965521,69.5434038689298,25.92961440289372,5.422596669087275,91.86467231882631,94.03004695891059,0.0609999999999999
aa1d0fd6-5e2e-4832-9565-3f6b32769e92,11086.74189813159,2.6917099268842755,47.01745019970053,69.17086782745264,26.83007877687183,5.522804871301416,90.14227285573307,94.22196311375315,0.0609999999999999
667ccd2c-9b5b-4a22-8411-90cbff82d9e2,10038.289961221082,2.836761959726091,47.74116464776948,70.80799525226965,32.6203211166453,5.8656836429876575,94.45794104082705,97.93381810216744,0.0609999999999997
18cbdb71-2f67-4e74-8702-b88b142b1a49,10639.871547540462,2.8216199895044913,49.23509160541619,72.65989009335475,30.569201042560678,5.81942103194179,95.82860123848737,99.91867668942906,0.0609999999999999
046ef719-e596-4bf3-a6d2-0efdc7461188,10251.688956587022,2.7421999504592116,48.7212172846402,71.69190376009703,29.77741235759217,5.597401203766545,96.94516704572449,98.50583536947396,0.0609999999999999
f667e2cd-1546-4a41-b21a-ef797d0a4a57,10345.73372553702,2.750052456276006,50.07621948978401,72.17724035645539,27.65486423803262,5.564608649944946,96.39233927370948,99.3558226092139,0.0609999999999999
fbc599bf-8339-4657-a7ac-0e086d546b67,9620.202674458118,2.79369051301706,48.92105521739685,77.28107221859521,26.656663135476386,5.663186330313912,91.88465145024043,107.43698023614962,0.0609999999999995
8b516507-24cd-482b-8d16-8a57ab38fbb9,9521.922375263111,3.0852693883619313,62.93076623049999,77.3773625962187,34.09653665107427,6.248411804520284,111.54234448265026,105.85091892953689,0.0609999999999999
5d5590a7-36d6-43ec-9055-94f1da1c36cf,9075.167653449314,3.161740863462071,63.30780519671156,81.7146560805867,34.302404935771385,6.441384767643934,109.30760777932304,111.45319513841672,0.0610000000000002
7f1e8c76-e15d-4af0-bf35-89ca627d3452,9508.914614844034,3.152874077933657,66.1301296104984,77.51524118918806,35.15319642034181,6.447546935689628,117.9337868729305,104.97854575871759,0.0609999999999999
26b6cff3-457d-4337-99cc-331955df85a0,6219.658313488253,3.369765184018383,90.7603908927474,79.57908900640793,33.580565738730655,6.599860494859105,153.34225134922775,103.0337864478592,0.0610000000000002
79e47389-8820-44d7-b7c0-6e950b4f2cb7,5871.800856738071,3.343449509749084,93.80520545459956,80.95421680260964,31.162647870308422,6.544780074881498,155.82106717341367,106.32964341580424,0.0609999999999997
d74de485-c6ab-45c5-96e9-f83f4196b7fb,6068.044372527871,3.340500571611437,87.66648579640277,91.76482376327611,30.705176054690195,6.45103915517871,144.60789827194057,124.64428975735018,0.0610000000000002
a8f7f150-6b4a-4d84-81d8-6a09a2ae8f69,5489.879241007052,3.2911364205297726,93.0938034159421,86.41792794770056,29.73942053846224,6.388636886076768,156.13899110561684,111.4835406198645,0.0610000000000002
3aaa3f0d-ec85-4e13-9f07-68441460bc50,7158.1159559698,1.4886316223165763,11.491161751600057,51.50463150013495,10.537104848317687,3.241708894996826,45.74278643827799,65.77325841755986,0.0610000000000008
bbb67396-abc1-42ac-85d2-30ad28fd17ea,8688.039948321064,1.7434078469459526,12.448223076899323,50.98184629996856,11.735936577904447,3.5740249145497036,41.89056809289393,63.02080091627206,0.0609999999999997
78560113-cf97-41ac-b047-8f39b6ae460c,7722.414760400877,1.566284768268431,14.999786618264771,52.469513358979235,12.536132225209865,3.321178232851225,48.184462395774595,65.92096340085465,0.0610000000000017
5ea7a8c1-23bf-49ec-94fc-da69d28234f4,9933.264893916004,1.8790815751506016,12.124202607342163,51.74367009438866,14.023815905505684,3.8444282116692166,40.18469000376455,64.81981910573948,0.0609999999999995
6cc72a91-913e-4736-bd40-ca013a3e8295,9255.2296302611,1.9539028772486722,14.182653462323016,50.42975108592254,16.032535048819266,4.037868542608068,43.728772475158166,62.61668102271238,0.0610000000000002
2f1acd30-2a59-4ecf-83d6-e89931ac79b9,8556.217241164642,2.289270587666185,33.55235550519863,53.79297403876917,17.627435264114308,4.561698998020155,71.29867238489284,66.03676960211861,0.0610000000000004
ba506784-037d-46fb-84fd-bd7c55df4847,8606.656218487771,2.357386279053195,37.50687392854219,62.61457051183906,17.712045602371205,4.6847743406153235,76.2933673844941,84.4708218232398,0.0609999999999999
170c3371-8968-4128-962f-7d9b5ac27875,7662.372945501877,2.325081501426676,35.376757860720595,60.41975752740043,18.080271847270442,4.654155330320478,73.85526701320873,83.40750047083677,0.0609999999999997
7a4eeb50-e853-429b-87b8-c58c1da17c67,9588.30252093972,2.395731193597527,33.75944940758521,62.96805016360216,19.344841019981587,4.783465058340831,70.2696909010055,82.69694435871048,0.0609999999999999
b6887672-1f22-436f-83f5-6e7b747d4e1c,8614.335093532707,2.538079338520322,38.297836951457576,61.02767205683287,22.219525457741494,5.098863292892522,76.77056046825676,78.48699955682518,0.0610000000000004
2b2a55db-60ec-49cd-93ca-27fa33037678,8951.16832677668,2.4064184066635494,36.21124257377965,62.12029521734229,19.929382597219302,4.8248982403742255,74.89076431066484,83.42911578448884,0.0610000000000002
ea1553c2-5c39-40ed-a770-03abe6f267ce,6472.595765426298,2.483643155567424,44.16959958434216,60.8215172120625,20.14244885207274,4.935032547930907,88.08130692707185,82.0766655695389,0.0610000000000008
559f9387-ec7e-4f4c-a9d9-d7fa83de59ca,8801.085324848436,2.583855697314396,48.84104680173519,56.33197892790426,21.05208060758797,5.149242894609443,90.24241635893647,69.92587652716058,0.0609999999999999
491227e2-47ad-445d-91d0-74c64324e7d7,7876.643442911847,2.4127275667527184,41.534850944094394,66.70400471770272,18.237224191719342,4.748954050422992,83.48187260168626,91.91602727288846,0.0609999999999999
89cafbe6-859b-4c09-8326-7f78a2a35b40,5963.597579080201,2.395297268365756,43.60570182346793,59.87739075465557,17.778898519068388,4.729677022242052,88.41742746869524,76.79242448667533,0.0610000000000002
77376e26-4b73-4547-bc89-7fc10dc9f8a1,6510.294230963906,2.5633781969597798,51.99680343076655,67.3303335806327,19.30673365882513,4.982629308529929,98.81314241537531,89.9556658427585,0.0609999999999999
01436dbe-011a-4f2c-9c8c-ad0995d3deaa,6075.691970358938,2.5601270154281264,49.618986803406024,58.503954907674526,20.481400524221637,5.076619839473128,95.91535489780554,75.46214034819185,0.0610000000000004
b62b8713-0c07-435b-9587-bceb41783ca7,4396.2342284686465,1.5864835308389622,27.48125608747367,60.05653526182371,8.083277386887254,3.2359786344387267,62.430529874559504,85.6030718330128,0.0610000000000001
3b572fc0-c712-45b6-a54b-a211f9a1e855,6101.95523218839,2.5267440695494177,61.08462262138804,62.90680795762678,14.806660127727259,4.691030813913605,108.00881289918249,82.23912399233947,0.0610000000000002
a25aebd5-1d5e-4a2d-a6d6-bed151114428,5164.102605647994,2.4845868257785733,59.94430854530291,74.55963706743569,14.106529342266699,4.6272863903202,105.54820488103579,104.3206453285437,0.0610000000000002
d7fdd9a8-1d80-4ab2-90c1-479a24ca098e,4819.052959540686,2.344060833762949,54.19151885353478,65.98873115420929,12.60082807188905,4.394866570038303,98.45275815251651,89.41373302081257,0.0609999999999999
2fe63d5a-bf78-4bb2-a686-be1f39339798,4261.858147696431,1.8267101544323288,38.56051554206593,63.181154978165594,7.514218257205695,3.437409177021979,76.72352618892478,86.15712446615574,0.0609999999999999
d7f8522d-0158-4495-adb1-59ccdf051f06,4583.0199982525055,2.4643106734526885,56.20053604897977,66.6402097015893,17.691207439831036,4.790621181744795,104.73348183923567,94.37902078226139,0.0609999999999999
4149f908-5895-43d6-9d44-703a5079ba00,4415.827103860353,2.6055570443398812,57.19636200617277,58.964839612511916,21.262050447423405,5.17097222640747,109.43428535602513,76.34914769953889,0.0610000000000002
c452a8df-fb9d-4b2d-9bbf-7d9acfac3c64,4853.62771498462,2.814514380729493,66.36466080149023,78.64999759182416,22.67899722463878,5.437663892026368,117.03501085330032,112.85861542719312,0.0610000000000004
460f06c0-b95e-4241-8a71-b501e838bc2b,5039.99968060113,2.72007139990161,68.38274027920056,78.75848154551228,17.89070305586099,5.14605422549331,118.01827325237156,109.66949880632737,0.0609999999999993
b39e34f9-1029-4c25-8cf1-6296b79fc83a,4114.720727568092,2.9951527195452354,84.92887969174824,66.09293107155273,26.52789310029754,5.868241956740491,151.93158969488138,80.03411301688544,0.0609999999999997
bdbd98c2-58aa-4bb0-a104-e10b74b644d7,3524.9682820814523,2.9412559201985538,81.62830879775204,76.46406840689986,25.573566414236037,5.740279199548252,145.88315284888088,103.1638061231564,0.0609999999999999
4d93adb7-e8af-4862-941b-ade9eea45e72,2788.3680733744595,2.732559506862273,78.35227356585425,79.623276245413,21.39986703930898,5.302461255480056,140.53757559386779,113.2871377340235,0.0610000000000004
3879122c-24b4-4286-9e3d-8259524ed42a,2958.1572278817935,2.888791101921624,81.39982333746538,82.50480788554802,24.212539273306547,5.575292707655365,144.36300856651158,117.16660340954174,0.0609999999999999
6ec38a2b-eb4a-41ea-b66f-05fff95cdbd6,8713.939963404531,1.8933797718016816,15.83185208175295,54.89104851622278,12.14114026185452,3.7410236403454555,45.72282618209362,70.31661451208792,0.0610000000000002
e91a8a1f-defb-46cf-99d5-5811bd73963f,9723.805412373042,2.2028667557368884,25.098469791512905,62.20343667736174,17.449529226151167,4.4231296472132815,59.86190771686787,83.54748228824631,0.0610000000000004
3eb9384b-5a9d-4ade-ae62-a7c1be2558ba,10114.455349832837,2.1087896636596213,21.75060569938919,56.52549079214604,15.733181061002572,4.1755194549782715,53.91308981074567,72.28152253739692,0.0610000000000002
ff3b20c6-b531-40e3-ad06-01a9839661b7,8587.310526526588,2.0403119219569295,23.378261787049915,61.45786154389778,14.512945936896177,4.088246386089,57.847647628698674,82.92115392989086,0.0609999999999999
f9a8bdb0-87ad-44a1-8750-8afb20b99747,6180.910189411254,2.9771555675249797,70.24914524236907,82.45241824548026,24.861894886129726,5.771314963386997,122.08826064449295,112.30767717326094,0.0610000000000001
4eb60dfb-095b-4be3-8253-45b92fc87274,6704.938225928253,2.9809700827322336,71.43032369576775,84.11528139394909,22.262218308479987,5.613904441363217,119.79094735171986,112.07179800039607,0.0610000000000002
4bc6499a-d45a-4100-9e40-08df54b338bc,5792.306258846134,2.9177766381666768,66.05421274085178,87.07144449079001,24.193007985170752,5.6617830169388,116.0992880219303,121.12801123171423,0.0609999999999999
a7665d5b-a238-46ad-a349-e269d1e8c226,6704.37298748331,2.655600351646865,61.761381848281886,82.02050877877382,15.34232810401716,4.887970107700193,104.29660974003728,110.82905442017734,0.0609999999999999
7acab961-836c-4b84-99d7-d58b988ad51c,6409.339110342764,2.6485722625113306,63.250161025230746,81.92912165246084,15.695121381153768,4.912883719192725,108.60363323943888,110.75001752528709,0.0609999999999997
ed976902-152f-416b-adea-46b5302bac36,5793.51895908904,2.920738263309062,69.85737369080334,85.45142234617303,21.76719644833761,5.517991469948223,119.84919752599528,117.79236908822676,0.0610000000000006
c704d1f4-814d-45dc-9d8c-735336b227a3,5742.825256907868,3.0448357035852394,78.34106314633931,95.02114013180204,20.623189785030313,5.743203239865693,129.4510570056993,132.16099614213417,0.0609999999999998
fc739e37-5ca9-4c36-8da6-e50bef08d2a9,5615.616549355543,3.0964573259787613,85.05205554399609,89.14712181270367,20.691935845451674,5.718383040933989,138.5093623780553,118.54479861781543,0.0610000000000002
89c23458-250b-4b10-8e94-8d499bdd5498,5975.241617512302,3.0027061350582698,76.50048405814397,89.79887880118295,20.577077541969377,5.645793495809806,127.74770703738797,123.88952518849129,0.0610000000000001
6c86624c-abec-490e-be37-360da0dcd20f,5454.727775135959,2.5691034849826093,67.23687976414736,82.26759092478919,12.637680276330755,4.699910192497539,115.97963400170978,110.34352554607061,0.0609999999999997
44e63caa-fb51-44a2-b544-aef1dd698946,5818.690694474482,2.5529809307761058,69.19673733528573,76.81526554845703,11.130403727977937,4.537164446010338,115.8576532762196,99.18203270491695,0.0610000000000002
864c741c-d150-4079-b123-52069dbeeb30,5273.0964935524125,2.783661580532719,69.98119608558174,78.14868967490264,19.279688590883996,5.307691120533333,120.43068821301648,103.89975414477966,0.0609999999999999
db7c1bcb-9538-4ef6-af7f-fd9eba7f0139,5682.3871824552625,2.9825336859121157,80.70234710994171,83.01547555725617,20.173681084402254,5.597942171465744,135.1534878675817,108.95322468718223,0.0610000000000001
2b7f70bc-cf60-4da4-9c52-4ed5b08cb0af,3412.325610371536,3.3212511725221034,108.76182588065639,105.85120302171144,24.521353909714268,6.108453854428257,175.6443067346123,143.4421937401387,0.0609999999999998
10f71e6e-98d1-4f04-8381-4e7f9a582ee6,3178.7251645694046,3.1664373458806168,97.10893321508637,105.62712830151646,24.701302654449655,5.945908839748754,160.40063007614,150.69896947151403,0.0610000000000004
2a249c7e-6731-49f7-8ae3-67a6bb53fb71,3839.2816534257654,3.382815001496728,114.5170431815159,101.22549057952882,23.74217754371078,6.133555341141155,181.95110142830083,131.0539811156704,0.0609999999999997
bf6a13d1-20ae-41cd-acfc-3fd6ad892592,3820.557560224094,2.4912273231565054,72.88247403465891,111.85273101478802,9.154786021621689,4.597645254832397,122.82033277017291,158.44617142106353,0.0610000000000001
2b8d7290-83a4-49dd-bda8-8eb6f71410eb,2922.013906109938,3.3836940663158477,121.99511688125926,113.07615072491033,27.110298115215333,6.395057582884822,194.75989660825695,154.41909090367744,0.0609999999999999
6d33bb9e-d366-402f-a5a8-5b9c19aeda14,2796.0133873375094,3.3288093506986542,121.93353765800916,105.63111006140807,25.502042393379572,6.2151834062661475,197.5888548897805,140.01907367271508,0.0610000000000002
a1bb2370-76c6-48db-a018-98e3bb26cc6c,10298.871342741824,2.542679531466233,32.77589251461759,63.43661282161644,26.762134365375804,5.190140568465836,70.83339081736203,84.96987851859967,0.0669999999999997
06f8054d-e9d1-4c6a-a16b-6200fd544c10,9458.323442518904,2.5506225100862903,34.59934125603556,63.099873044446426,28.0426041713718,5.21755934228615,75.11421562302911,84.21529163930755,0.0670000000000002
dceb788e-62e3-4b24-bddb-e1e3efcc7010,10248.409889072933,2.5293191719058363,33.022441213061526,61.67841451318851,26.505676402718464,5.207671691426337,70.44963017330214,82.49318843036777,0.0669999999999995
dcd41b17-b669-4514-8e82-93305548c3a0,9988.914162974124,2.5325829893518375,32.46902964896683,64.97215502055882,26.0057675554638,5.2102800309590185,69.63281553123058,88.22746175807303,0.0670000000000002
dfd6cc53-b67f-44c3-8a77-97ba2d3f1bce,5610.2731297010505,2.3587558242744247,50.79405352665837,69.89682053483257,13.228099741329718,4.407873593724227,93.57367705465306,94.07955828950911,0.0669999999999999
762a040d-a259-4d69-9844-94150ab0e1ed,6278.899185799658,2.920448300139204,60.49868956749296,73.51571528855375,29.12347394902863,5.839752830610924,113.39773849698707,107.04518245048106,0.0669999999999997
db76eae8-da8d-4001-8d67-9d50c99819a6,9253.442767788061,2.70812843754629,47.917356112903576,61.489579765379105,30.84566264566665,5.637735022321487,96.05136076874734,76.90042252549443,0.0669999999999999
23b9b837-159f-45de-b5bc-748959019e89,6336.190549337791,2.9200069322124955,59.95186356348988,76.84553444357373,29.396804468725072,5.843760679540698,113.16292403431692,110.85460872342576,0.0670000000000004
0db70d1e-5497-4cea-b8c4-e1b100526016,4956.24984788711,2.723824983649318,65.05639278035555,75.09290980184296,22.69721629966262,5.394400909913866,120.42405794960601,97.05929651386153,0.0670000000000002
4db51cbb-615e-463a-9850-9bccaa3325c7,5952.225367091735,2.987577443276237,72.47256162978836,78.51214993623894,27.297918618293522,5.956882463654978,128.42522795252154,104.78242990659247,0.0669999999999999
6ab3a8ff-956a-4a64-a439-6d2aa6461706,6048.697897647967,3.20983698679707,80.72017599660722,80.31329313353578,32.42224310551287,6.430633164347716,138.81547745904055,114.09958484387127,0.0670000000000002
f99fec61-1540-435d-abb0-ad2e9f347880,5231.617516482626,2.9309777052091106,71.3664273383521,72.3358715288657,27.458555546532864,5.865422638219235,129.42148055716814,93.13754281855749,0.0669999999999999
223def40-4905-4699-9354-7d96880c3974,4827.098714911041,2.9056679547186777,90.77468048922928,73.6674895771084,13.289436034065329,4.9595421144102385,141.45484328867835,96.09193863006665,0.0670000000000002
80b8fec0-f656-419f-bccb-0998a044b4e1,6315.929755886124,3.249763360517854,90.85572820467534,75.31859824294625,32.25057018092152,6.446184466782957,156.31310677618475,93.04769887803329,0.0669999999999995
ac6aad21-2318-48cf-a2d5-6ff48c1dc9af,6772.927456788324,3.031557207264891,78.49750878116055,83.76615684426832,28.87483578099877,6.047489831580181,141.1655257688119,105.23997988178147,0.0670000000000004
877c21ea-833b-459d-b98c-beff651c2d12,6366.18923332717,3.1938813898615095,87.5910006659095,80.53159911013452,31.91786507393838,6.312190893367666,152.89990289392424,100.7868464173592,0.0669999999999995
f93fc728-de04-49cd-bb21-24b9ef3f4620,4104.597370077499,2.438545267932611,85.39307623913452,73.17382080091555,7.777366035193809,4.140552825135785,147.06157375265397,85.34893428794038,0.067
37e236ae-9cd6-4e04-9f31-bb7c00142f2f,6025.714126973988,3.27897693611034,95.57369590650951,83.12305548340085,31.946208963956302,6.358292874547863,159.00356946380836,105.61140160022057,0.0670000000000002
9fd0315d-0c9e-46ec-9548-c818337272d4,3396.518869297846,3.321419998032661,113.34364352171859,101.43962868439979,23.750604026999625,6.053078449031549,178.4255926384658,135.2051097781841,0.0669999999999999
55341300-11e8-4ef7-80b8-8cf8fbc54acd,3743.8707538847607,3.3323232557731783,108.3412971213377,86.0299227416968,32.35705373811069,6.697784855117263,185.31630863771264,115.20029432468158,0.0669999999999999
71140f76-70ab-4870-b3c9-5f74b80272f6,9023.088464875003,2.4157311744776346,26.154793085742554,62.22790028380465,20.604731755059372,4.877286117794213,58.394656336508966,78.85955319457273,0.0669999999999995
ca069d1b-5211-4b9b-b2c8-8aab251ff0d3,8752.015564659889,3.0187159055097372,54.18418664334936,85.25743123849226,27.124905282902144,5.913858618847023,91.95298503089518,115.98288029738794,0.0669999999999999
eb8aec0b-d07d-4bf5-91e5-edfc4fff488b,8869.67633577514,3.1178884687591295,58.836657278714895,77.88736659126654,29.954766203130493,6.151023307484738,100.54569313381504,100.03345515773536,0.0669999999999999
967fd4fd-083c-4b39-a0c7-9dd119995cdc,7311.494518764378,2.915618975466518,55.23599078465853,77.83664808417144,24.121641160390013,5.662797514020931,98.49345328293913,99.71845032762795,0.0669999999999997
495268ac-17e3-4fed-ac7b-5c3b7c8f5126,8729.314824666215,3.0591434192529547,55.57135962195997,76.33988451609775,28.908521907885774,6.027142850362463,94.19307052727497,97.83238929230043,0.0669999999999999
e0c7ad92-dd11-4ada-a34c-bb3cf98d0f3a,8442.04019339419,3.0524870942886593,57.33982603651409,84.77116507957521,27.031842725628533,5.946501132315513,97.6131176500676,113.5652241426196,0.0669999999999999
88ded410-842e-4fc0-94f1-499f68f62fb8,7278.176891843161,2.8179801250951764,55.30748113119352,75.54695526870134,20.856625451759314,5.392515987728023,94.77577041365633,95.73228467821048,0.0669999999999999
f4ae1e4e-8966-4931-b119-8e390bb55724,6315.970085159007,3.210466115738444,77.32903995866853,85.34874531477602,23.814109445739234,6.001223303472616,124.7900561177909,108.65602332039322,0.0670000000000001
86c4f33e-9fbf-41a5-a4d4-c7d8366b1fe3,6472.430078801705,3.162431782792269,74.46774842526693,90.30162665670849,21.787466339544878,5.883204383886236,120.03952849412264,118.60582532660897,0.0669999999999998
8e951d08-e6f0-43bf-a1dc-31eed5bea6c5,4528.879922620196,2.721713672922334,60.97813576941878,88.18594489716344,16.39323429330721,5.047793819903946,104.86174125368613,120.46622401377925,0.0670000000000002
91e95fbb-0a1b-49cb-aea9-812d8802b36f,6305.144877611998,3.101337643487702,75.68173103116239,81.05460898325906,21.724535561199122,5.688586527833966,124.67504509041709,102.1097243049395,0.0669999999999999
b6d48086-3fca-4523-a362-5fd2fafe9af5,7137.026043137041,3.1711523977254923,73.38245949216234,83.38113776863209,23.683368172632267,5.917873019485297,117.80418335123699,103.33703819471043,0.0670000000000002
77e23cd0-364a-4071-8377-81ffebfbafe8,6100.330709254308,3.1544954285005096,74.26202011630097,87.76030371589671,22.551100724139893,5.8994578493105,120.26130224439228,114.68785894158883,0.0670000000000003
e8688d9a-0af8-4481-af88-b67708bbf6b2,6376.813057136831,3.241382939335276,75.11741912577506,91.74932593586938,24.039084858343823,6.0560659998562,120.56076976049043,119.62024951761218,0.0669999999999997
b8e8e782-a1da-466d-8457-27d261d7a919,5740.333281676955,3.3858269359108775,91.83392833743318,98.84336587279962,23.043125334479175,6.2113502682816355,140.6273550962222,128.27382813601594,0.0669999999999999
d7080c73-1e15-45fb-9636-79ea9fc439f4,6709.8146666235125,3.4514505064705734,90.60102120413458,86.81981149497676,29.882956922637085,6.540091393958116,144.74477607129052,100.53383535679242,0.0670000000000004
c30c3fe0-b9af-4a0c-a026-8ebec1481e32,4424.3728233714955,3.514473090192916,108.06919840227788,104.80285636995305,28.017624440923456,6.707140254733299,167.90009905708192,135.72303269604663,0.0669999999999997
0cd3e601-f283-41f9-b53a-7836482e7aa1,5609.1142210139415,3.3836658470937255,88.93474288479983,93.74912693962958,25.870383096231304,6.37946336578926,140.1587284452717,118.83389371133937,0.0670000000000006
f76cd753-02bf-4a46-81ff-8c71bb56a120,4006.8353175732655,3.2189722171134743,88.3315615982909,105.93704769631049,20.330358793043608,5.835824217683781,137.7615120268776,146.82627565404573,0.0669999999999999
f0dc4061-86b1-4433-be8e-59da36e77308,5163.918020318217,3.4602491936926705,95.92143833287527,97.08289299060435,26.128079970860526,6.402139118045355,148.95013451918825,123.57633026444869,0.0670000000000002
b3289e23-5efe-4fd5-9f2c-1231bf9de538,4867.146870966994,3.7901600364697323,120.56899390569768,96.56348346516691,36.627722313140616,7.201289355921619,183.40279037181725,113.80903085098166,0.0670000000000002
fe3a1ae7-2ba3-4181-9476-8e1de59cd29e,4808.4949114012525,4.01155102745283,124.1370183505509,99.69349530233724,43.86178864694816,7.8405059451172825,192.6834111427582,121.40219621322228,0.0670000000000006
54cc812c-71c9-4f0f-a031-a05b54407cf2,2582.8055196047426,3.469015502638894,123.02189380491095,102.9179355964312,34.4910214224058,6.911484872102844,202.00776855951838,129.73610557912446,0.0670000000000006
e880378e-9e40-400e-850b-d9dec4b015b3,2895.2906277577767,3.435639152101184,125.90640208037979,102.99933218955725,28.80667266617989,6.612436793074756,197.40736712851827,130.85873429514837,0.0670000000000004
20c008c3-2215-492b-a00c-1cdf2bba7032,4099.760486613797,3.8798087688655123,124.93865214646092,103.71273305588375,40.15586533933649,7.465139350917566,195.00084223818254,125.66795825154244,0.0670000000000011
7f49a623-084e-4d6f-ba8d-066245df8cd2,10825.665124727157,2.2583645328881348,22.54343034562713,62.47255679429464,17.834839490772666,4.494352783874677,53.27708051998549,78.80589428410921,0.0669999999999999
4aff5ba7-0ee4-4c57-84cb-16e5c9a2026b,7201.022429242277,2.957339030879041,63.262856999474344,74.41692488869447,24.730509885982435,5.766686210351624,111.26920397027963,90.99266393518704,0.0670000000000004
95876682-d891-4f8c-b902-67b8682e96ca,6942.004710517107,2.864698708164756,60.692845676776514,79.19486281211513,20.887668810914302,5.467015106910551,104.59751406196986,99.46898274212356,0.0669999999999997
263279fd-49c2-48a4-9b11-daaac0ef68b1,6901.587164403235,2.841305813574717,57.765457897111645,90.30749369826202,19.323838835962107,5.404030419709871,95.71149558458966,123.36286669518867,0.0669999999999998
23652c18-a3ce-4963-b1fa-562453bea92b,6615.597341969643,1.5930027323810456,31.651294907383946,52.899154749400154,5.398113994579354,2.961894167760671,67.91445635868034,60.89270831294444,0.0670000000000002
ba7decbb-a3e6-4f9a-85b0-8ed8c4caa501,7812.118544094847,1.5190245248129506,22.66422732535309,43.7241422241149,4.225593869074114,2.602919779963115,49.48253669907752,69.2218032199399,0.0670000000000004
f48eea87-e3b6-4451-bf6f-14335b65061b,7310.168882686034,2.9516179960004214,58.207096794935886,86.704565434476,23.081815332516193,5.691177916243104,99.71688127193849,114.56272561225974,0.0670000000000002
71ee2300-f1d0-44ce-8e56-c919d7b773ca,7652.769098287961,2.4751324089488493,45.94673222081851,71.2637878336626,15.294337121608773,4.615677684311131,83.13540691519027,91.27301691700153,0.0669999999999997
02fe4056-4d61-4f86-863d-0e4614466ba3,7614.90744759422,2.7365273128357765,53.93990514138616,80.11064194449757,18.403392680429864,5.167901475146109,92.57282803679519,104.09022848146634,0.0670000000000003
51df82b4-70b5-45b0-adb3-a073f2c3e7c7,6110.274234934178,2.941980962294667,64.15891629618963,98.50187182000309,18.84611254546806,5.425174482568,104.59325603932595,134.42056906971754,0.0669999999999999
bcd96b77-ec44-4cdc-8054-26bb619c57e1,5044.329650563211,2.1641495960294352,47.550400381281214,85.2601036995812,8.983173586976442,4.010775785450372,80.66410257384265,119.04278231190756,0.0669999999999998
ae0ba863-329e-47d1-a47a-972d535b7652,6336.522661970285,2.761359138790586,65.04711180992041,75.00725808934698,17.700819924893096,5.161913868728905,112.12428146566317,95.67850518078181,0.0669999999999997
31106ff1-efa7-4bb5-8531-97d19f04de65,6437.144632911919,2.3724008537292627,57.14779349389519,71.23483435111055,8.62106577601745,4.118393550066379,98.52150417319065,86.39406392209017,0.0670000000000003
81a5bc84-7c43-4d11-9614-aa8754ae85b1,6592.238088544946,2.8850550031354287,68.42585054564981,90.30538284035552,16.92492018515719,5.279041312999374,112.08301156242659,121.11368417283819,0.0669999999999995
ae807e2c-d76e-46b9-b941-d27d08544e62,6452.614216934993,3.0177852510200314,72.06194590734775,86.69706870492502,20.001218572167073,5.611116393402657,118.92657208935218,113.73921614027698,0.0669999999999999
b90f5ff5-b2cb-4531-8f34-ac812e86d988,5109.795357727361,2.3096809233507107,54.05585144216669,82.83224652357912,7.967606193393884,4.05850283788103,92.3184483156269,108.82013920305796,0.0670000000000002
948db47a-3142-403b-ab41-1b1a02f773cf,6188.567843163582,3.0607873081747603,76.1080093870607,79.13818167127612,21.91634111119164,5.7204936953169705,126.0928651663071,97.55808157300235,0.0669999999999997
9ccf9715-cc19-4cc6-aab8-ae69991d8edb,6201.154314158019,3.029310777079794,69.86124483093819,96.45939969640953,18.38087054312989,5.475548283090813,111.66308571980056,129.18635613531063,0.0669999999999999
aaf1a57b-9740-4f35-b205-02c9bd6bb69b,4215.790909392303,3.2385492642448614,92.48474390554158,111.34949221393775,20.210365897522177,5.916039380188629,142.7603321840711,152.37273995096308,0.0669999999999999
9f89738d-a8a0-4a0c-b7a0-ce30327fa0df,5456.6647883871865,3.1695285257636305,89.8944005693319,91.24873687925688,18.544984709839785,5.779508366522,146.10781335779717,111.97713185183122,0.0669999999999998
b2e7a90c-e309-4ae4-8118-997c66cb919e,4803.492114032385,3.3054080726060167,100.98518544546661,82.63400203585303,22.720604058013638,6.03963644882264,163.1456141563067,95.36356176600896,0.0669999999999998
bb96f6f8-498a-4994-9008-967db85e054f,4740.274590972201,2.704086062406935,71.18637629291928,103.23642758724739,9.362503213225152,4.802712756051942,119.32376932408695,139.14127467036204,0.0670000000000002
93f4669a-8f1d-4a84-8e70-2c44bf565055,3976.5561962957318,3.598766737301596,117.09167416176433,93.77024594432048,32.32169616071918,6.882191036036,190.00812194930472,111.93260427299558,0.0670000000000002
85965b86-1adb-42cb-8603-1dae57f5d73d,3444.0312518089218,3.5058115383345427,111.19815478726193,109.7766731664452,27.670430326589926,6.519779635720382,174.38011969563667,144.73055148666396,0.0669999999999999
446c296c-d6bf-4073-8cf6-0f5087d16573,2056.500306370189,2.0673890945319138,62.40344070002893,92.10843627378748,7.9287395556849365,3.7996009297935984,117.9460102458091,138.96389306826924,0.0670000000000002
5404be9c-1027-4f30-8f83-47da33be7f08,2424.953366723719,2.4976918653911597,72.30778693853334,109.5245610144046,15.566587698254876,4.897325723851475,126.85571444182156,168.80780959800734,0.0670000000000002
89947369-b354-4f95-8fe1-ad0ea17d5cf1,3291.2389732165307,3.3383370157525274,110.97286522491706,104.5827560282864,22.298768477832823,6.085034038142792,176.10829540634793,135.58394225823142,0.0669999999999999
f5d26b66-e47b-4ad4-8f84-222bcc577f25,3588.4616564617113,3.4481307735602194,113.46858945938675,104.55690088020741,28.20722127731739,6.552651545572334,184.3614412156,129.1539208204478,0.0669999999999999
3e8f81a6-724c-431a-a914-838436a976d3,2172.4967088502676,2.335959249905352,69.98033377156496,96.8998449520686,7.8836166651919495,3.7781774979828606,112.12121546734723,135.90707198038487,0.0669999999999999
d30ea4d6-c47b-4538-8210-13fad38aa6ba,4706.332417657251,3.9742727822076067,118.59283849191627,100.50729224133015,47.4875380401697,7.90144463527945,193.92661676128557,125.48072516819167,0.0669999999999999
fe3b4167-144f-4bd2-ac65-fb6417e021be,7733.125160186306,2.287658489680403,32.55225621027348,61.57836794827884,16.999688191588113,4.54331063283872,70.43634312130783,77.84726049122318,0.0670000000000002
ba16c40f-17de-4201-b87a-bf3b74ca72da,8080.461878019159,2.126164283336333,26.824605249786778,58.785870707847714,14.176482674967934,4.180137628057072,61.133003302115206,72.41938459823265,0.0670000000000002
68823c62-5812-4de4-adc3-05ba88f5e476,9552.009322894512,2.3905466665210975,33.521051515758735,59.70474409161184,18.56979015366136,4.719462444772311,69.31348952502373,71.50877902962259,0.0669999999999999
4c6be0ce-9e5f-4158-8ca5-0b6728f630ea,8315.586927411036,2.385554134654258,33.37400147801528,65.49803605207482,18.01361721784295,4.707533974655792,68.39868495650708,84.47268801133835,0.0670000000000002
0bb3dcff-256d-4050-a3b9-cf0288787932,8061.859522255416,2.5095328861505513,40.68939448169528,63.314167482511465,20.166656213052704,4.981080193016537,80.62785795811449,79.51432613605918,0.0669999999999997
546120a1-df4d-4949-853d-683442460ab8,6202.659442959492,2.607203911448495,50.092159629046215,62.66092401336367,20.976756623692005,5.146045614792933,97.2463533954247,77.77874912423192,0.0670000000000002
d92c5923-bed7-447b-9d5e-6d45400facfd,7043.418914508293,2.6796085225353363,54.78081723146632,62.66620434653659,20.824222667653814,5.259138303152324,103.58506270167048,70.28847032115111,0.0669999999999999
faa09ece-ac8d-4255-9d62-3d31ea13f800,7392.548021014058,2.4872899577232124,46.688109499363954,66.93298325129108,17.643650270298092,4.827815931862438,87.81718558661277,85.73500231183195,0.0670000000000002
e0e52ef3-0e3f-4a9d-bf77-3f35e1b5826d,6743.49776703532,2.4695893278769088,49.25023235129518,78.34572117131019,14.57608450690683,4.5621916915359915,83.29596761822887,106.21966281327931,0.0669999999999997
ae374ba0-e9fd-43c1-9541-dffec0b9ee62,6574.883784438046,2.3405018236072643,45.70135594438201,79.8885838573917,13.713031470121306,4.382906492028912,80.4465787607761,111.61449051990282,0.0669999999999999
74cd5d4f-3acb-45d3-83d3-4a3dc380d9e7,7823.777389093637,2.5914071287736866,47.844751404315,70.25043879802514,18.429554830015686,4.9802959725454405,88.7411562926172,89.84342098734443,0.0670000000000002
4afbf286-23c3-4a87-97f2-a438df4da97e,7103.431008419963,2.574737739900398,50.429530286744644,63.15069716013984,18.528255176072967,4.996020562454705,95.21975023232288,77.19756707120067,0.0669999999999997
c756192d-6b04-4073-8ab8-fa1ed21f360e,6347.62050945347,1.9331333603115832,33.33736541276709,67.7730019693135,8.317393381949046,3.5658135819693695,64.47788688567506,90.6444133058194,0.0670000000000002
9a5dc9f1-2283-485f-8021-ab5061bafff4,7001.832727535171,3.0271030682098408,66.69105625411322,73.74116031978537,27.292959136756117,5.923835585599895,118.79359020425463,91.4468235995271,0.0669999999999999
059ed639-f505-41a4-a4e6-343ddeea48cc,6410.15006813681,2.966563424441014,68.22834163078235,71.73741281133505,24.09752140942371,5.7673014214778835,119.96804349366089,88.12949160851173,0.0670000000000002
e5241eea-cd1f-46da-ba58-a08498f9f286,7368.344340783999,2.9717849311349998,66.33656653520903,69.92088805169361,26.32198343978059,5.849065076039304,118.96905845274952,82.37989833147839,0.0669999999999997
2bea16cb-c390-4a93-b213-b1e32078f09c,6144.55893491101,2.8965556594580244,67.67570757077615,67.95662833003104,23.148775995766897,5.6367986189780295,121.18472914707017,79.6214739290221,0.0669999999999999
7ab9617c-aa84-466e-b4d8-b1b821e38cb2,5166.792751180406,2.730177377697681,65.61724475609023,76.74478643268809,17.446715080685287,5.134924568865668,114.4651431271146,100.12101988458168,0.0669999999999999
0be6b701-ada4-4095-a7ef-251984472e23,5900.248134415393,2.9305849899784993,67.51928499901867,78.19967375799543,22.974334329853956,5.62969479733182,116.97336752619982,100.44535813873397,0.0669999999999999
77445e2b-f87e-41cc-9635-df71d2969c7b,6422.48567354607,2.903977253398306,69.01174112137375,67.58917047418923,22.246686631730036,5.54668292568892,121.95334399174625,79.34755857737363,0.0669999999999999
43918ed1-c374-4385-9764-101322c6d741,4107.830860590984,2.969911133412053,73.34226505811402,86.18865775576978,21.558620593814506,5.633959421359823,126.96013829714302,113.43082403423607,0.0670000000000004
8c6f7351-f8d0-4d1a-9bcd-24989f90a0f4,5085.22182870624,3.1221442460962487,82.59014636012022,76.46635725142326,24.060142043488973,5.901478640739581,142.427794568569,92.31949905757574,0.0669999999999999
d63490ea-61c4-43a8-abfd-0cfcd2f61e6e,5659.677370879,3.1201104608674193,75.68440699729481,67.08172139517488,29.182173335191415,6.077433310571952,136.1334903858461,78.99975125096137,0.0669999999999995
642530c2-c67d-48e8-8f90-fe3f26542571,5295.939141628297,3.0427296719259265,68.43634480206484,73.17049443039626,28.805952327285375,5.957701847280505,124.19105231442973,95.17678627909132,0.0669999999999999
c2d0f34b-570f-433d-a098-eca71fb963a4,4981.867558929511,3.0799043691950487,73.42952576147147,90.03336703108351,23.16249755551743,5.827834254356234,123.94264740623458,119.7025300285679,0.0670000000000002
17d4f07a-bcdb-421e-acaf-fb9106737094,4338.8730690401835,2.9568867271538073,74.33640469761681,83.14735113081738,21.227428025504988,5.539481074272791,129.11261418335013,108.720412453741,0.0669999999999995
f24f9ed1-0863-405c-a7e6-92af07d14c69,3050.3826400192893,2.7732745925107243,72.97415686287958,77.13172722994102,22.065121692123906,5.358890470256387,134.31110256874587,100.25031630333338,0.0670000000000002
2d6d8104-a1de-498f-86ad-1818aa3d33eb,4416.140031390383,2.9131647720266542,66.71908015352828,83.76383295879329,24.573716121186294,5.6028762447947615,117.80675714244128,113.65368428939976,0.0670000000000002
2c88307d-6ee9-44b0-99ce-4b4508e77056,4443.069240147736,2.917943848778682,76.26986127568097,76.54415205411222,20.615080170776825,5.545899395098334,133.83635617029125,95.4678082607341,0.0670000000000002
ea3f0104-df52-4ba6-b299-a4633652a79a,3910.4323912682976,2.8576293615556896,74.46785480666273,85.86610962443011,18.084874468891766,5.348526766460989,129.1358429085621,113.06114139812196,0.0670000000000002
36d82e03-0870-4386-ae32-0b8a1eb736c3,2344.2746470580846,2.470362050665212,66.86063912606457,83.7140259179146,19.853333259851595,5.008195928864961,123.71233203655099,120.74144615260848,0.0669999999999999
b11855c6-1ec9-46e0-8487-68fb8afad480,3868.034459176173,3.0171073604681182,76.9126295900063,88.30567469155686,22.06376825112507,5.6984020087004215,131.82946268520178,117.23928150349653,0.0670000000000002
5f2b6aae-b3ed-46c1-af09-58c3865750b0,9462.690083552712,2.5167365318900936,53.85142839921402,56.08927219911292,18.30021329366396,4.90519080199343,100.33935001811119,62.78462531870237,0.0670000000000002
1c48ca77-fdb9-4fe7-8051-5660327ca78d,9094.281450697683,2.649476451784897,56.40590445853212,54.43500650859136,21.170866790197383,5.233627281383523,105.46613005558693,59.234380606158176,0.0669999999999999
5e5b23b3-051d-44a0-b3ca-867a899e2e82,9495.254897097684,2.5736372565860344,54.42589445476206,55.6465046117991,19.39215768970242,5.04706299529871,101.379293711764,63.59518510055868,0.0670000000000002
095ecddb-c538-4ef5-906b-47cd0e119d9e,8566.00144361465,2.602507750320824,56.50052163070121,56.636786683658116,19.69641275024555,5.104948223146579,104.6429498431392,66.04420863357747,0.0669999999999997
02c39c55-543c-43ee-b8eb-bdc9adf8396c,9020.717835089274,2.6509573508745823,58.76879272323907,57.5508697864952,20.188497529053542,5.194800508059842,106.59907003338512,66.53006406047257,0.0669999999999999
af139760-ef70-463c-8a33-98b86fb771e0,8741.253087589583,2.5963017963977273,57.545727944727446,59.04573463560969,19.45234879022348,5.127195167199614,105.13603354266944,68.79577691836849,0.0669999999999999
eb5db723-9537-4885-9176-036692d9d41b,8991.646600816985,2.4328305195330078,50.836241081868955,53.66108038283092,16.913111876972994,4.737807616075838,97.49210511265176,60.41915350473032,0.0670000000000002
4257970d-18ec-48bc-8dc1-398c77ac481b,6148.837186048052,2.5047556271214075,59.14571702614445,77.06875776625249,12.620443888519677,4.573787145445644,103.40806094233737,98.27136283170321,0.0670000000000002
0c52f92e-c904-4c4d-aa33-f28818a016ba,5686.283248194545,2.94207613437371,75.90559364738569,84.82012398411918,20.00201404382436,5.56890391501668,127.54254610156963,111.75398382427674,0.0670000000000003
d9a6ee7e-28bb-42e9-9d20-a100f691a511,5874.339540069261,2.9115038456012146,76.52327861472139,77.08354556823434,20.250908322723266,5.523273990805908,131.71463382936503,97.06784922856743,0.0670000000000002
e9c9b116-fdf4-42b0-8f80-0801006634d9,5228.195974321889,2.918569389917153,75.71991706882613,89.42810567656663,19.60698498292117,5.511282676254298,127.79011109637021,118.21885584240795,0.0670000000000002
aa2f39f8-b995-426a-8598-2fc405bb43f0,5865.661917441493,2.932212772025964,72.92184633290051,92.02970858382633,18.7006479542533,5.503583703591959,123.41164144554722,124.48805277044195,0.0670000000000002
e968e0b5-cedc-4047-8d2b-1eaa1aa8018e,6069.698129116985,2.8104722959595896,73.27368583234221,79.95648463160573,17.111807154124016,5.209368617846344,126.13120721687272,100.88465910023658,0.0669999999999998
defdbe29-ad35-42a9-8d60-d05b3588a5c0,6150.092598887446,2.983727678775286,72.82084459862602,94.23320832717097,19.76199001252905,5.606700523277279,121.85358346818848,127.84489063379779,0.0670000000000002
9c8ff667-f7e6-4d81-9195-b58b000a6ba5,5633.303613536909,2.7322123314721387,66.33631226350934,78.42059625129481,17.705194233803898,5.121427258893993,116.67420396585983,100.50107173808763,0.0670000000000002
3a99ca44-e5b7-4cd1-9c46-1af5bde3b4be,6486.909377303767,2.8888929429482086,68.01720443819512,87.35385192389836,19.630624541274816,5.48655559400667,115.62266071479209,115.79083646101672,0.0670000000000004
1a9fe392-de5c-4fcd-a461-e084c8fcf53c,3370.1878542687014,3.2997767428853644,113.10566510465223,93.66097721954448,22.806749276480456,5.999928098212972,183.19652619768542,115.7805726056888,0.0669999999999995
fab51c81-34a1-45bd-93fc-1563b785950c,4334.67990384804,3.2203161648296925,111.73414771267866,75.40818380948778,20.223621661261138,5.709602875061276,182.12378027418168,76.34318817851974,0.0670000000000004
d74de943-6286-41d1-b9a4-c947524fbc42,3466.860851617077,3.3290085543396217,114.33366487118502,88.2853155764765,24.946297670356174,6.176865507509869,185.74854847472463,107.34370571414908,0.0669999999999997
ef7421b7-a9f0-46e8-ab4b-2ff58f5ff80d,3261.858225518255,3.192466237990878,105.05717729735655,80.54359973681906,26.20294597422671,6.13282160589817,176.65795723929637,98.95399819947069,0.0670000000000002
ca711898-25f6-43bc-8e13-f0cc941a6421,3688.05552001611,3.00968467996532,107.32789925563308,91.47822623613524,15.40615591057367,5.3964138879261885,175.40095702123222,112.33542260397526,0.0670000000000002
73ae8801-ec94-43fe-be3a-74ac6857dc88,3984.8610661054586,3.5839633295820414,117.03372690352143,79.18458426481715,35.85548863868494,6.964488069266594,207.73661227725887,89.8009977421703,0.0669999999999995
01d4c168-c43c-4064-951b-205ae8318275,3192.5736579578916,3.2815112873732066,119.25366687043046,92.80575573535063,22.331339328202716,6.022211671850512,195.93248468860963,111.97819929211127,0.0670000000000002
a6c03632-c3b2-4a9f-bf46-02a759b68c5c,2156.317943824156,3.020173662764796,110.79256630023306,89.11085000214841,27.8352452943426,5.960849982552922,199.82491686356155,108.2700326561259,0.0669999999999999
c9db22b2-8717-42f9-8003-8dbc622133f4,3191.590203558464,3.2968962607148913,113.96330487929897,87.5542241419397,28.907359846727545,6.409488144759136,196.90778610535762,104.63386311098321,0.0670000000000006
35d467b0-2ff3-4436-8fc5-24855cb78923,2992.4006827419644,3.3352122787187346,119.12071885261985,91.51445948482095,30.9577998295387,6.525031844722335,201.82333370393926,109.78616361441344,0.0670000000000002
8d329a02-f014-4e64-805b-bf2cb3f0666c,1842.7587098126385,2.8298417866990553,95.50988809761846,88.0482418554653,25.646358838126265,5.569124064682156,179.70643087081845,114.70018883762802,0.0669999999999999
7c0af9ef-6354-455b-adf7-8ca09ceb8054,2499.0238179967123,3.122885391197924,104.33828657672198,108.19038501156344,21.092567880791893,5.6492186656547485,172.49565476836722,144.9839780741078,0.0669999999999997
e8889e10-017e-4dcf-bca9-03bca5c34b3b,3014.668732441169,3.214240203922442,104.46335518599125,96.64118278023957,31.64176664096389,6.351774316612803,183.51351094572033,124.05443939539146,0.0670000000000002
631f907e-9d44-4f50-82d1-eb73cb6c785c,10466.498815333916,2.6230328250433805,32.991706122842324,66.14849846071402,26.839438878429245,5.389028332608808,69.9756941195476,85.6816914946897,0.0669999999999988
f570b1a4-8eef-43ee-8537-f2d47d5107b1,9754.593832779985,2.8975816686998974,48.24979112352181,77.25638794095207,29.207276015584668,5.908315857488271,84.9823543720421,109.13586837795583,0.0669999999999997
57321322-913a-4d06-bb90-4d07a6501146,10798.495306887615,2.6633429524304084,37.14049697972367,68.73533738945221,26.071213291105206,5.453620385167036,75.00404814591303,87.80791504400658,0.0670000000000002
80cc07a7-a03c-4bd9-bc13-4ac9e8f5dfd9,10609.409609699265,2.6169991300022737,46.851682831395266,64.50846344527791,25.85451501934151,5.373750579214591,85.60136692464744,92.78659489569488,0.0670000000000006
c4eecf2e-6fe4-4f76-8407-fc9308bc4012,10057.278317523194,2.5230451279971637,33.385487116910895,66.22108765462228,23.226797194804472,5.134694055482572,70.76093131551244,84.95356710063896,0.0669999999999993
d39ad0eb-5271-4e1c-ab6f-8be1af7fe306,9731.498294148292,2.6744903318243995,37.13240903933474,63.01427956271303,27.342183576898083,5.489661332893867,76.91612755142548,77.43747559535568,0.0669999999999995
609a788f-e091-44e1-bb86-0541fc465cf6,9101.703607976608,2.6386974078004415,41.288071314058875,71.23830644967269,22.243482328301656,5.239263333647505,79.34186481253882,92.53082125655494,0.0669999999999999
dd21cfa8-0ba1-4d1d-a4a1-60593b5d681d,5701.452987695751,3.269435321701659,84.07037405481579,90.37911944898191,26.06489487515787,6.162746919795626,134.1593927051124,122.40347609923826,0.0669999999999999
82f13559-4687-4e96-ba5a-fea4c6225d3d,6968.575668398071,3.467001590026391,87.3628653102735,84.78020243299065,36.58704003597724,6.812871784808671,142.21112013665007,116.75698570318934,0.0669999999999999
61e0bdf5-bd35-4803-90ef-f713cbc72ed2,8339.574557730033,3.2435702690849952,70.28257225081512,82.04293979541164,34.366035389862084,6.55365961557308,123.18302282441653,104.86685919647233,0.0670000000000002
a015b805-47cf-4e9b-956a-e3bb9c2e9d10,6330.084565097523,3.2510427486813653,84.94542914723958,81.64502881618023,26.623650592595013,6.164805068548626,141.03040023196175,100.99586568792479,0.0669999999999999
ebfec1d1-8692-4df7-b698-c852e5913e4d,6752.528984326586,3.1283628178358622,73.99526871159654,88.6305757470632,23.271277689932983,5.836109732164336,121.67660402078748,115.13653305194231,0.0670000000000002
91009fba-c761-4d5b-9d48-f5d363a94ba8,8856.755348787532,3.3261496075400645,74.84513217451881,89.63507655401031,34.13634283858776,6.581457916749873,124.95420908485012,116.23731868117257,0.0669999999999997
ea9b782b-4ad2-42af-9796-38e623172e13,4618.149355113015,2.6786331182210183,70.77231415601501,69.27721833224815,21.841503461609413,5.199665583165512,135.65329497387725,75.0540491255637,0.0670000000000002
61293000-f30f-4a6d-9bfd-8c950f1bfdb2,3855.763352489301,2.5641987763850826,74.47506403819199,80.401643336786,18.904421802120513,4.997049530937181,141.59025827491024,89.71881523008452,0.0670000000000002
2188f465-1338-436c-8e54-6f806410a82a,5213.393470205265,3.796416489049233,102.70086912807352,117.25165862948562,38.90486271168245,7.324945838455028,162.64681322916408,162.1668444709308,0.0670000000000002
36285ab2-b292-4faf-ab6c-8838df270db0,5225.812644097605,3.7727607657649074,112.39855981193958,100.13006744686233,40.54526343600727,7.34846587361152,179.572790002124,127.26051602957796,0.0669999999999997
8b9bb5d9-8b0a-4a78-aca1-966eaf6ecf3e,3548.6340157983173,3.8715850511275276,124.78695440578038,103.23033342000059,40.556513693630464,7.449602774033662,205.88569097706156,131.81692892983227,0.0669999999999997
509e3df1-ef04-4e30-bb83-e090cce0cc55,8188.278273530297,2.1456952838543453,25.80965150071632,63.19231250114509,15.172239202368257,4.252466396882462,60.62447508881663,82.05953924185688,0.0670000000000002
f3748217-b8d2-4813-8603-6a7628d65486,9055.047988072747,2.1493629383366484,24.145378554325802,57.38950309027554,16.026880839791705,4.2544539215206765,59.112835647476516,69.68462993856005,0.0669999999999997
930a71d5-c655-44ff-b288-e0c53999aaa9,8615.74203512825,2.122068763291942,25.490648681177714,60.44172010715701,15.888285950403882,4.237173077453203,61.939329464667416,76.05367437115302,0.0669999999999999
8f01b757-8853-4a3e-8d0c-2e0438afaa08,7942.873517917336,2.055241223935191,21.447321054569617,62.51348998955935,14.591160979447627,4.103415083261418,55.439301032511736,81.43124874646182,0.0669999999999999
74701d69-e542-489b-8ddd-c21abed7f4e8,7425.211936795931,1.639937682648026,17.69833412778491,61.819459292336575,6.898914626511962,3.165809550142431,49.058703715693625,79.45947234163437,0.0670000000000002
a27e2e3a-c2c8-444f-b053-8708242a80c0,2414.874429698011,1.3581720573436442,11.859425710929614,60.59126387312394,7.440250790741807,2.799230101187352,40.77732455387563,82.08696620642212,0.0670000000000002
efa1ee87-2156-4927-acef-fa67519b6abb,7296.169810499394,2.09402219991303,32.135269020854025,63.111617446268355,13.047109939621333,4.086265933005196,70.44638027741028,80.92469992970827,0.0669999999999999
42acd005-a6ea-484a-b5f2-735a1c8becc8,7280.979062301965,2.0757266484994936,29.94021679915306,65.69599603160896,13.08918870921795,4.074009732865592,67.3650004101739,85.61498894587962,0.0669999999999997
cc23ff06-66a3-4572-a9cd-0232b6f7bb29,6716.369148486743,2.1443002772552715,37.59585189953259,68.39669122063329,11.530112326665424,4.051220289059195,73.74452428662848,94.57412331689237,0.0669999999999997
6afa65fd-2c72-4e64-810d-a9b3cc7b3ecd,6436.187573244195,1.5662506107191623,21.636113183652807,52.81764435871542,4.913088177488007,3.0581548966048393,61.246140069057084,71.28629747155398,0.0670000000000001
9e011b36-9a79-48f3-a12f-fa10e0f08feb,8222.858314053607,2.2003299183092113,30.315562745526453,59.23458382824992,16.28172122465962,4.36800974664994,68.02791464505299,71.90357748659481,0.0670000000000002
da0318ed-4557-481e-9b98-7b5b67070a1b,6048.959469107925,1.9568096525611582,24.88776028726967,71.34078551631816,11.640701833093281,3.890443340042758,58.56863487942773,99.12771589067488,0.0669999999999999
52974ade-186d-4276-b795-c2747ae4ebcd,7053.1058906114795,2.0263149167299295,27.268558252163803,67.92663803859898,12.807781846975178,4.020993609913963,61.71917722520064,90.87792137819503,0.0669999999999999
9419f134-2816-4222-838c-5289ccd5b8e3,5615.170493129898,2.209401455992059,38.95791607809549,72.39804073370546,12.59663925946935,4.196485740510518,77.40957656570144,97.82837926931401,0.0669999999999997
56e20167-89e0-4b59-bcb4-d4d2d1239d65,5410.495462035805,2.377477730835373,43.78703760194787,77.68875149761465,14.602778900017437,4.500154552576337,84.41208219868624,106.95239920837147,0.0670000000000002
ce5dd792-51be-4b6c-ac1e-0ee7daff46a1,6504.1532892424275,1.7775372964226015,30.900726501752235,68.88188402886864,5.790564978752768,3.267907202102334,62.98274211517145,88.63193062974928,0.0669999999999997
2371d515-950d-4e1f-9460-c86889d497fa,6749.327758357792,2.341216211603977,42.34120806555401,69.85674418296844,14.598229194154756,4.466097267182542,82.4103014796874,92.98407849050733,0.0669999999999999
a84409ef-cf06-47c2-b338-bc38ca89e0d3,6145.928343926718,2.21211686174313,36.78674954642801,75.57792738745553,13.172786323682129,4.223937445833024,75.90292635339355,100.93969781970527,0.0669999999999999
a78e07a3-3566-4c4c-9133-ba2341405ef3,6386.47277696144,1.9236607353248911,30.79883207037955,71.2452236849567,8.838851344882126,3.6202071788664223,65.04945349663952,93.67185995961881,0.0669999999999998
28e0d86d-387e-4179-9550-a0bc2921fd80,6085.2739771448405,2.3823967736705827,42.00801492060782,71.21513641209881,16.470840282901808,4.629072517583248,84.76128161139238,96.13983065000195,0.0669999999999997
5f26628c-7dc5-4f4a-935d-871554d19b40,4618.301565295893,2.14582224078922,35.34045806396488,80.30212345500904,12.413648271050887,4.121905379327091,72.45199736814928,113.63415251831834,0.0669999999999997
6c77835f-ece7-4861-ac2f-f27150bc103c,6626.856861409602,2.3138240733695596,42.55586840403593,69.99682077683467,13.892381020396341,4.3767521780364484,82.77699088245839,92.49656282939668,0.0670000000000002
615894de-64f5-4499-bfe7-d81e3316cd28,6009.851986070416,2.0580439353940965,37.74714120569195,68.83881514356607,10.01764164257429,3.830054559337398,75.09534239305486,90.19663676366237,0.0669999999999997
ba83ca91-ab02-4709-8ecb-a7771dd7bf7a,10190.726584538263,2.1765100345138935,19.041198705998685,63.72786311815085,17.656762833897265,4.373266004484159,50.67163270554702,84.52411874573234,0.0669999999999993
3c687e64-5d35-4ce4-bbac-5f0222905918,10594.674796592562,2.107450362946648,16.71827702566981,63.082902533585745,16.668491493686563,4.291333541859601,47.29673177539521,85.21748286851404,0.0670000000000002
846aa867-2d7d-438b-bb7e-87c955b24098,10390.70474368189,2.2899203897798364,29.40984862069097,68.24594428843459,18.74154548839221,4.619371602933871,67.07705138854898,91.0360654127746,0.0670000000000002
57009839-fae7-4d31-a8b8-a6ff64ddfe11,10863.874047952364,2.2934984135086585,25.963307351103378,70.82061978631133,18.60489173764914,4.6061184461680575,59.476023399566664,97.44958671819153,0.0669999999999997
2cb47791-e50e-43b6-befc-8d5173a1d540,10257.028031124932,2.611524137212833,38.5800779555847,76.48537080450772,23.06166459008652,5.246457036292067,76.97709294642621,103.75141983147772,0.0669999999999999
58466fb3-0ef8-4cf7-b450-0df721e0aa49,10817.427635759213,2.5358173511524944,38.04426986338631,73.74065618228931,22.99993453475694,5.1319153192091305,78.44499479225969,98.56062061875653,0.0669999999999999
4587d9f5-15f8-49d8-b9fe-9fb78f958bf9,10487.164719790382,2.553117576930622,35.950135703694585,73.58172385253036,23.02489925499335,5.172392877461369,74.46445771485745,97.9942668405718,0.0669999999999999
b96c0701-ef70-48bd-94e1-7e2c51692587,10151.557351774956,2.543981795198256,38.92836451945798,71.85928271034992,23.365997491116385,5.16854177068627,80.14409269392354,94.6449467877223,0.0669999999999997
982fb60d-39af-49b2-b181-8148474af643,11126.134936313832,2.6322013052258963,40.14205285644511,78.05181321900045,24.779122958916354,5.317343258760547,81.07413268198619,107.69473031352643,0.0670000000000002
931fbde9-9026-4eff-82e8-4851925ea34e,10885.073187516926,2.619737959641733,39.481028568416065,76.15133454834414,24.509304777601887,5.313239030268966,79.95627392298609,103.02006375621815,0.0670000000000004
b756e31c-aff7-453c-8881-ec4801370863,11040.936545434965,2.5405731061071455,36.01960461824152,75.71303465821191,23.499121108212933,5.151089749423046,74.57044193589473,104.89325213078777,0.0670000000000002
b63f1335-7ef1-4475-a7b4-d66c2955da5a,9969.000353563164,2.5240730496483423,37.627508414863975,76.80538988656244,22.87363369314164,5.0408535262784815,79.66810126476463,105.86898212383352,0.0670000000000002
072c6ecc-5788-4c40-b48a-1a842adbefad,10321.705388651015,2.5997785285664996,40.499467001452594,74.7224229244193,22.41782300458155,5.198521561472398,80.18850924985114,98.95948165178199,0.0669999999999999
0d41037b-602e-4fd0-9e46-821bdafd67a6,9714.732444746187,2.98594641926927,59.975198115245014,88.81690712852168,26.883338309572164,5.846832202008531,106.9739520055551,117.80767350932511,0.0670000000000002
392deee3-c490-4bd6-9995-7361c509382b,8869.809918840081,2.9703923350689383,60.13646693373676,86.79399000935797,26.738165036526482,5.8579125641904,106.50681263807768,116.80121536293267,0.0670000000000002
1a1910c4-b0d5-49c2-b32c-214f18a3728f,8749.500654520416,2.895132020998751,56.5333250400459,88.97730457341348,24.487853781730177,5.646022792308857,101.2392485814107,120.87082165652224,0.0670000000000002
900b0fef-8fb7-4eb2-b187-c40491d600ff,8761.906718448305,3.060278836648181,63.713761930614645,89.84622002047412,28.043547834647107,5.971745440893672,112.18495986168324,120.14537974325609,0.0669999999999995
f369672f-5677-4e37-bc06-5efcc4f3723f,8588.651425235033,3.1162658842662276,64.26261133164132,85.0811525376303,31.468828003559906,6.230918116823859,112.26940388317736,114.93148395523261,0.0670000000000004
51ea6d35-2586-414a-b0bc-0c975101d9bb,8639.06180815873,3.0434329192827354,61.83674742580243,95.22970752662606,26.391032157660113,5.860765558687578,107.46716687591845,127.17091743670221,0.0669999999999999
39c3ef48-0d03-4581-9e9a-8e490b404a63,7217.322816950299,3.0214107772360252,65.67196498767682,88.54857839917516,24.982638379902028,5.819192584386238,114.36008045949269,115.80179491427587,0.0669999999999999
596a5ce4-a65c-4e74-a3d1-4362bf16d4e7,7857.335889998742,2.9033025639252132,60.19874389232697,88.71992949676181,24.704168718830182,5.600354067455913,107.23211050438799,121.17291255669504,0.0670000000000002
a474b988-0df0-4de8-bdf5-9d617a73f66b,9227.570569578425,3.107541830500129,62.248244507124994,86.39584649809656,33.192013197622636,6.251937547563277,111.69812540706293,115.06670593300898,0.0669999999999988
0d741a99-1000-4a69-b8b2-354eca5d0b10,6612.699078250819,3.1044915018561694,70.38474741702132,97.84960260475373,23.877334075116092,5.855844017346751,119.58445005817651,133.81576150769106,0.0670000000000006
1ccdee45-c53f-424a-870b-c2a65bec6dcb,5917.936586565474,2.944771901735918,70.18899791609817,92.81321104564043,19.86280038145715,5.555925457000448,120.68889929480144,124.53040603542875,0.0669999999999997
5975039c-e41d-46dd-a2f7-c7d10c000fa7,5963.818361325703,3.123517237576196,76.92555023518926,89.41417602758001,25.400154318897858,5.9645276703811225,128.16571549971883,120.83723153798859,0.0670000000000002
56a80258-dbaa-4c20-90a1-417753a4eeca,6475.104769061507,3.236083809370454,76.33043566897348,102.41367701448975,24.48231502968031,6.039524255453507,127.24188395238585,135.14133117839395,0.0669999999999997
9e4fd99e-59fc-479d-a2c2-9e1bf17835de,7399.710755827856,3.0621891412686413,65.85401743129493,96.46273730150041,24.96730583780153,5.871526832579707,111.16921484508697,132.977296001463,0.0669999999999997
3042dea3-33ed-4c82-a90f-ef831805235c,7234.3153707082665,3.1881133522938203,74.58124591183315,93.58534841303637,26.163470263428806,6.074916466258151,124.56644367475299,123.39343725357048,0.0670000000000004
8e61b37a-77a4-44ba-b63d-e1a64e07700b,6292.95395572488,3.261687977856318,81.10390376492765,92.31921887907014,26.994346371449012,6.214061618743397,135.01475554801854,119.11522335932871,0.0670000000000004
dd76aa75-40d0-4a57-9755-d2ff8e380d88,6932.871972922257,3.1794081473925604,72.02658950677622,95.06502939490781,27.839383668299583,6.136564083650702,122.22087420119804,128.4080835494251,0.0670000000000004
8266c0de-77ce-4a9e-be8a-021fde5e26de,5900.641140384641,2.98443083915314,73.70461343186199,96.03838701107438,18.870503799952424,5.556216240387934,125.92538925492805,126.80962899359932,0.0670000000000004
3297a58e-3ab8-4e3a-8ec4-454e598aae6c,4247.196364679625,3.590934822765406,108.06090557843734,121.7176195954683,31.1384300893803,6.815905206412674,170.6429537828195,172.41258658621783,0.0669999999999999
63f731f7-03bd-4859-a2fd-915e6a43411b,4959.2538913849085,3.6880983464516595,102.85270243630549,122.43147986349744,35.12409670218915,7.07888164591361,162.94846017866598,172.38388553020584,0.0669999999999997
f88c5300-4dbe-4ada-8642-8e45ea1970e7,4800.403590345822,3.5449125362932468,98.1792272628881,122.03446595192777,27.348291821084135,6.486193489766107,154.47093357996349,169.7441417774857,0.0670000000000004
16a8a7bc-0241-4aeb-ab70-ebc097db6d39,3663.4559837847323,3.5749775667082613,114.14504558063481,115.56739321004349,27.175577430647994,6.473111193400787,179.31617580302748,157.07284956865325,0.0669999999999999
d72ed3b2-96dc-437d-aeca-55afe33ab099,3405.7823522518192,3.3936741576473235,110.78312163237341,115.00300263189672,25.336303715652214,6.300632487704914,177.83860308133612,157.790136347491,0.0670000000000001
d62b3ef0-9834-4b7f-8d69-8584461432f7,3313.992061497188,3.047390035130996,92.73450779607056,104.45758551809728,21.228093397044717,5.697954728821029,150.68841088697692,148.28175919523278,0.0670000000000001
61454d26-5fef-4051-bec8-660fc18b1577,3747.8924524894696,3.4628405075154616,106.03554314209654,125.62522689802898,26.46304748847522,6.410151954788347,165.6227040527255,167.29113677342974,0.0669999999999999
10c8d988-14e1-4079-96a9-6ba39c2c9540,3463.8235299481435,3.5650654478313855,116.28973149355298,112.23567808359918,31.873426404319346,6.810365723318239,188.63788370137806,151.60915275122412,0.0670000000000002
f80cb97d-4e02-4a73-9696-e21ac0e6dc8b,3606.1307563664427,3.250176625208836,95.94935628749147,122.84805598792438,20.372356048830262,5.733735351777894,149.45140431441658,169.7074650263813,0.0669999999999997
fade5de2-e4ce-473b-82ef-1d73fc82cbdd,8791.091852455336,2.270434424947018,32.47876863764063,55.208596688765404,20.945875253568467,4.540852518279821,67.7240493448174,68.79163112233101,4.125
7dbd0dc9-fc0c-46f0-9bb5-3fdf1313fb91,9119.001179355371,2.6471114560437625,41.6582689323717,59.822180205007626,27.702092567895935,5.329085744192228,80.3286809840196,73.59027143511645,4.125
1d90733d-6801-44d5-9529-db295dd562e4,9548.655147452573,2.8884350102115537,47.4527459690694,71.3818561558773,33.66221327726824,5.937727328452884,87.50680195308976,96.9281243831602,4.125
7b84f284-39a5-4594-bce3-d2b812bf19fc,10314.936342333274,2.873040075732451,45.0700408599523,68.60326712787847,33.560198580603995,5.917447055897285,83.47210348455691,89.76734592877581,4.125
7a51955d-d58e-4698-8a0b-d47097a5888f,8874.82907041435,2.472974175145592,36.93358528726174,60.71076160021292,23.172988761651922,4.877147637423907,72.69572875950254,76.06625157867715,4.125
a60a1947-dd7d-4f68-a9db-f32f1241dd02,8839.15791769448,2.688624932223731,46.315202236979154,62.46522705035251,26.609080382909713,5.347985834851081,87.19425130096334,77.42297595217593,4.125
6078548f-a169-4a41-b05e-0af558a807de,4137.883978924662,3.1130363518931654,85.39007398256125,87.54696897099375,26.84638659714723,5.821395980266653,140.6545756355298,118.02628712242606,4.125
3a83209c-7f14-4ec2-9d52-c826c47f9fa1,6237.971665296337,3.4485580278525294,87.33494802467942,97.1043514832708,32.90217258140538,6.502365599535427,136.73626031835045,123.97857717887577,4.125
9b710395-2f04-45dc-b0ab-94e4e0b27522,5755.113644838952,3.2569471733699626,92.11837658105283,79.09929307007135,26.32418171164473,5.954350381821703,146.16611789896064,95.11633860946698,4.125
aa937a97-49b5-4b95-8abd-784dee1699af,4550.67732494598,3.4325948852175916,117.50706190661597,90.62486341553725,27.148388461786123,6.165280300222307,170.87610360625,114.78945689331796,4.125
680d1f5a-f99e-4b36-b545-82a13e106f11,5288.970052952732,3.7519241802360837,118.70869243997195,88.51093700997977,36.89079996733928,6.939107028370781,188.7259435300208,97.67285895191418,4.125
6b2586de-63ee-4c87-99a7-fb83e5104b28,5069.856186839849,3.674773509462886,116.42414626945062,97.00852775925564,31.0888495819938,6.696872320047123,181.14756121016887,116.69107186759723,4.125
807b6aa5-a7f1-4368-9cb1-c53699650f97,4532.666188448831,3.805466257545986,112.25707412174255,103.89824299318946,39.5774761774031,7.150248419805564,177.05942661876966,134.35455531275716,4.125
c5bb9717-6414-43dc-ab15-bebdeb8b3c80,5060.041102218561,3.8108838820800846,117.24070637782816,94.53900902683066,37.578106051389554,7.078721466714379,183.28376149264625,114.9135015117592,4.125
cd29903f-6706-40eb-b12e-4f2b3ba7f6ff,4479.169861857638,3.6156709354580316,109.94659472982853,99.55621907237423,37.51778762341765,6.778777470888501,163.57282670751943,134.19434999272184,4.125
b7a7f1a4-aaba-4817-a760-48caedc7d56b,4643.558627807303,3.61011265120866,111.54835000369982,105.74648242088969,31.05048994288307,6.6312359500784925,171.38005725279695,135.7045140154705,4.125
39b802b7-e477-43dd-9f93-b2552578ef58,4417.660026504211,3.5570467252606752,110.5826472584478,89.92248108449397,32.869855372144684,6.6665061807610115,179.72379256846014,109.83206914679013,4.125
64d3d8eb-e603-49b4-a5a9-e3996a69dfe1,4691.500485623229,3.865877737545751,116.8824524832713,111.42494309134504,39.519202217322935,7.290230814449769,182.6206104562066,142.37998175659902,4.125
0ca3f1a7-5d11-46cb-a691-b2730333385e,4403.246944044506,3.6200363169152374,119.01501722537662,103.10493663792823,27.993127377722878,6.429197119511757,182.08039792030974,128.44833545921819,4.125
4fff98f5-f6d1-47d7-9abc-55fb361dad8e,3203.6961101223765,3.744176350334386,135.4587801715693,102.14902260598294,37.811754539242074,7.114393881448364,204.274828932515,135.3987583104007,4.125
a8581d22-ac0c-4c86-b6df-c8b461d63898,4352.320434897875,3.9194192237812024,126.90717580745678,107.25561973664601,36.92834074673662,7.1531185364383765,195.98189259509545,133.99890849291887,4.125
94e3ed32-2e8e-4b8c-aeb5-0091d18f55b9,4650.933645881861,4.004186336497199,131.39765480802106,106.9938458846674,47.6785743283086,7.875863488771523,204.8738134482221,132.0388047789602,4.125
af256994-3c1b-4370-8675-53bb506c6bb0,3672.983200964538,3.8394755699468766,118.69893717653909,128.75303542156956,37.707071741326615,7.09514771483079,177.29022754912407,173.02050306925287,4.125
9d0a5f17-2db5-4831-91f8-ccd900e01eff,4492.392192311241,4.032698064363257,138.900194195091,91.98937934877799,50.59005329521244,8.097115858382406,216.1388632284184,112.75911385908593,4.125
e8d19c5d-392e-435b-abb3-f99535fa6bc4,4790.091021029252,3.9451427419610834,134.17500282194732,102.62674496063671,54.540346042985135,8.298061379884214,208.36786816439633,128.34780539502196,4.125
1d42d407-cc60-45b8-83e7-485b7deebe53,3376.7098232297635,3.949817364801791,131.79092215422872,113.31521593196854,41.661435326197186,7.407073300883664,201.48688866827598,150.88170504462354,4.125
48e00cda-b004-4b3f-a8a5-dd066dbdf245,4389.634703912427,4.002311368226003,130.0381382617645,102.38032329204253,45.63190363860433,7.683134038496499,203.2414111416914,127.77959200009957,4.125
3116f18a-c042-4e5a-93a9-ae42bec025aa,10127.41636659868,2.219118237572692,26.98214155758805,46.82269888499264,24.06890167761014,4.548088660832808,60.77551203391751,63.146524556597136,4.125
0ed7f60e-3a8a-40b2-b6f5-d013913375c0,9175.110204996365,2.5940647049992123,35.854629706735594,48.7890885221325,30.36534994863139,5.265614621303152,72.3455345819681,65.55525723854764,4.125
f86ce1a2-98e0-47d5-940e-33d8d1db8c2e,9737.561017027181,1.966235006940685,25.18054736193971,44.59915258343701,17.820388046906018,4.071032325549302,57.702761931243174,56.99755124160878,4.125
a5027456-4585-4760-bfc1-007c1058e2e3,9937.47431123884,2.3042590100927596,29.891857745604803,45.0823958716319,25.225486315565647,4.722481089454156,65.1201390013987,56.65580839439488,4.125
da503378-8adc-4f26-9c4b-5261dff587d2,9491.509903349946,2.283014229195793,31.3808581646204,49.34790149184126,24.136727055504714,4.657403485509918,67.1041615979428,66.94091006655225,4.125
fffa56b9-f854-48f0-9949-318c7bffe27f,9807.47654158802,2.5074064217478673,38.6160670875511,46.777168671939705,27.354199489664417,5.076452545400411,78.54617087621358,56.820055022578984,4.125
71aa0826-6635-4f90-88ab-8e3bd8aab795,9515.119353188575,2.678960786823988,43.35118622770827,55.1844235540817,30.187915336653493,5.465825807110716,81.11593871858611,74.7457791687149,4.125
1ac8eb89-ca97-4d3b-bc32-30b1af1400f4,9644.338577220125,2.57328854012398,46.30991650009328,53.509620052526614,26.00174141599144,5.178488032148722,86.63034098920892,70.42797118260513,4.125
3ee5e30b-44ab-4b3a-a96f-d35585ec7b40,9791.138125192721,1.9610365181184701,25.69749763731152,43.413610172291996,17.504429756803205,4.011440847897484,59.69870096674167,53.118543885618145,4.125
270e5d94-4c6c-464f-953b-76c068793478,8733.561300868023,1.9647437041480629,26.216145044803437,44.60992531471781,18.208351326335478,4.069946809428664,62.18662190271327,58.14006310829664,4.125
6b70a892-6770-4486-b162-e59c6f59ae6d,10113.093794768403,2.8206119086883628,42.33462582921273,53.30571562058599,35.200939116557336,5.7740417398597845,79.29666070559784,72.24371639013631,4.125
9161ccf8-430a-49d6-abb2-293c4c3fbe80,8998.32191832573,2.8518694242178437,53.53459349880522,62.154693314771485,32.368591051946794,5.817504845286119,99.16952480235253,83.70839815922433,4.125
90c61e41-5688-49bb-9ca2-b73fbeb3288a,8899.834333622812,2.8887154570698264,59.528868445729394,60.59454445380825,31.724802781613015,5.800577670186393,106.40331681122227,84.04731683940109,4.125
3ea51f69-2eb9-4c2e-a1d9-4d816aa97b08,8540.367706079935,2.611023565954017,55.576301466151804,55.41991003218719,23.564916539778707,5.10993505228001,98.39509372768555,75.70335066081226,4.125
99c79f28-5771-4e5b-91f4-aa87bf51e2b0,8548.520970107593,2.85689094081403,54.67378347515324,63.95184752086075,31.651673169813115,5.8037021167985605,101.60234978930684,86.06506749904067,4.125
f9733a91-1cef-4b0f-90dc-ddacfd3f9207,8992.675470270653,2.945418594072377,55.877650420460334,65.46378359179215,34.50225381977869,6.0000723033430186,101.99241011989918,91.73098034182499,4.125
210c0180-08cb-43d0-b5b4-1b1117611dd6,4669.954187336637,3.531819889082681,107.74595392903805,93.83881963310061,32.15438314974443,6.5053535081563005,169.18714946235784,125.39622304732957,4.125
0ef6ca24-af21-4658-8e19-20bf8a0d714b,4439.471366236959,3.5677883540951525,108.71077118322192,92.72631692171767,34.613542334443146,6.684052865410482,173.25893087583458,124.90461016011335,4.125
7a7ccb88-710d-4fe3-baf9-a8d33c3cb064,5136.115603934949,3.1324572206872654,96.5855462072314,83.71080587901447,21.543553906808114,5.5813713596728745,151.66470467163367,104.45060570583894,4.125
b8fc38a7-15f9-45f7-b883-c1ca65414d22,3490.5018694834826,3.236352277690492,105.57775406068386,93.97749431559288,25.303944015397036,5.888144023721985,165.23757316291736,133.63517244294897,4.125
8d2048d1-4db4-4c67-bc6d-e38a8cc2ba1d,4922.3387681494405,2.6473909802107785,90.57285233178266,76.03790213860094,12.419919186683186,4.604478705264672,143.30861355768616,92.68252232810738,4.125
99511564-6a31-4de4-8aec-33b83ef2e4c0,4311.966484805927,3.3878966811198987,105.9698197331863,98.36783669519428,26.184637269463444,6.0618161062284335,166.27617075003232,130.7846730416428,4.125
b3208d98-2e86-4acf-b357-8b77371876b9,5223.29875494547,3.493190851704991,101.08805472309662,94.12052355951394,32.25931734103459,6.469278969470639,159.08263592322845,125.51442543674442,4.125
c43183db-63e9-48dd-9136-f1570d5216a4,4778.890078330703,3.4605370728544194,100.81569655209773,105.5047043849619,31.00576141902112,6.450032289454094,158.46003010481817,146.52084040007185,4.125
4d3182e7-7d29-4145-ba88-9ccd8807048a,4942.754572596759,3.62774159753129,103.76764772849806,96.84372650365168,38.052491936810156,6.893859112705111,165.74772491267981,133.62557138558233,4.125
4cf9d11f-5bf3-4d1c-8fe8-abe6f14769da,3939.7364376269174,3.3275483407957895,101.43650084494385,106.32272827144197,26.81608817245437,6.085108836994808,159.88981336036028,149.49750459216392,4.125
1a5f7f11-4001-41ec-b10f-8e2f52146861,4288.985008864721,3.5442873264623924,112.32083225238287,104.32751974500489,33.688772838247175,6.678454445818138,179.45716570714893,140.613584470111,4.125
a1a43564-7bac-478c-811a-d8ecdc43837e,4885.301706801537,3.4183508416262827,101.29905381844645,104.95785514137076,32.31306888384856,6.412035007707551,160.42294811658414,134.3325532154845,4.125
d0ce896d-b9fd-4e7e-8ecf-665ef6dd7398,4148.810730062264,2.908641126055726,103.79697957259063,88.75154440881352,13.056369783415825,4.72250067532594,157.39973507399185,106.06136769556247,4.125
0c00be04-9b09-4d3c-8f6d-3536c0c7bc98,4680.765344505745,3.6160646529991083,105.1135268672146,113.35013217234113,35.72035917728651,6.826518694042892,167.14041645595293,158.24943302113368,4.125
eb3e29fc-4cb2-48c0-92bc-7bc525aba2b6,10734.173663204598,2.0324262934070356,15.209049523752542,55.584088128065616,19.993573023249244,4.6341010942630865,51.58072214220777,82.38717222365365,0.0540000000000007
be945669-39f9-44ef-88da-a875a15f7dd6,10493.593647780379,2.3180267269872044,17.929733497469574,57.5913269303202,22.927669967275026,4.978814650373646,46.956455353093766,80.37727946019444,0.0539999999999994
7748d859-330f-4220-a66e-5712e6f1833e,10202.015785056687,2.307545592224288,18.130124140807652,56.501769399256105,23.249763183521296,5.018252923141257,48.93920628532831,79.27566014949329,0.0539999999999998
28f8fe40-2262-4f2a-8925-2a18de194548,8535.414339826706,2.8159072452066662,46.259058721277505,74.53367302495037,23.51637474842603,5.531169272160894,80.77873932789085,101.7442342793708,0.0540000000000003
7ef36a5a-1f4f-4aff-ad34-2f32ec108530,8536.292733922533,3.005538742397062,55.111094565432076,72.49132779099978,27.503814723690166,5.964961655658061,96.96361975536023,93.08402965088456,0.0540000000000007
47081519-e5dd-4ea2-8da9-7604be165720,9518.166596325576,3.081431875124042,52.55706153360488,74.21170525262613,31.465750806353462,6.224343504651007,93.7131456302595,97.70184482589761,0.0539999999999998
a7ab91ef-722e-45c9-a70e-24beae43e747,8150.993525641559,3.25712160758285,69.08732102123216,80.03715301060947,30.42502642008031,6.39150458606232,113.01936428185282,102.16599041760823,0.0539999999999999
eac4fc68-4622-446a-b55e-4fd0e7db6473,8492.648304735967,3.187002595557148,63.43841544367297,84.69133060077912,29.588431528854365,6.319477813880266,101.38583926187432,114.37264055188709,0.0539999999999999
d69e8735-c51a-4f80-8d66-63c8e23fef6f,7175.745451804967,3.2900364932043953,74.28423943267038,85.80919805341762,28.739359954188565,6.359121757287046,119.42606864105045,113.50964524330034,0.0539999999999999
d3ad4585-b076-43ce-8ab8-7d9df7e9d735,7231.436545555547,3.333490743488297,72.78947802007754,93.84750046973646,27.506027246620874,6.295344730950934,111.86503624542779,125.24457064764431,0.0540000000000002
18f46bea-9fc1-4519-9887-95d53b249f39,5437.84234789245,3.5337894097694695,92.32780516313582,103.25738729356941,30.891780535904125,6.720763101427978,139.98584020875356,136.00677628493506,0.054
00e6272e-7190-42d7-b728-1d4ebe0da1f6,5323.429567028781,3.5553954741267564,95.81053350491759,103.26221959158957,30.945027370339698,6.779316264072026,143.2052397382845,136.17206276855063,0.054
808af5e0-507f-4727-8d1f-496f1b4c805b,5593.819699899851,3.4639392144141024,87.61852387592737,102.93058178118808,28.980761934965997,6.5811823629790815,132.4659970510782,137.8176489952072,0.0539999999999997
348e026b-1bd3-4620-b060-1da8943477c8,4361.1692138663275,3.4545829915111206,109.04464106208796,96.09950514187233,23.114246469766194,6.258156741993985,166.70776792188795,123.70507823130238,0.0540000000000002
bc99463e-5e92-4b58-b64d-66b0a94e93b7,4668.06385627659,3.7252097518930887,116.25984375145484,100.35965542678986,33.1247307072865,7.069083405875295,175.47365299510898,127.75120936869811,0.0540000000000003
faf3ec28-791e-4095-9bd7-0d9dca8a8832,3520.6962810354826,3.866853691733587,133.1584946451771,101.1794834491132,33.6440927710235,7.17579373791011,204.87660848138592,123.3916950769461,0.0540000000000002
167da78e-a12e-4dd8-8fe8-7e62e0915e57,3821.9137615213954,3.9132338134674294,124.5717535488331,114.6755863258587,34.46530127906179,7.271276339084699,185.58175741543596,153.90411562074553,0.0539999999999997
60c6fe7f-5150-4189-ae56-78ed311f81e0,4126.169102064267,4.01838166005095,124.55029804476816,113.84005010818973,39.542242094765726,7.6090608121533405,183.75691278456696,153.31302523150472,0.0540000000000003
042ad28b-091f-4fb3-8cd2-9d7133d9e535,3061.9158631671007,3.6488566725731353,134.1308347464776,97.66874629549265,29.746677356394553,6.85030585671595,207.94247555057072,119.14374791229696,0.054
81c11031-1340-46d0-8b71-6b32bbb43c1f,3494.027376693454,3.8165333956741443,128.56366840289652,104.8934837597064,33.42709163116575,7.15454520147721,198.53310297584085,133.0017855336006,0.0539999999999998
7df4df72-67f4-433a-abee-cecfcc264974,3739.7372492491827,3.897292695473465,124.07529208575447,106.43811778430039,34.49461607172519,7.196336918526779,186.38158287633826,139.0475717869706,0.0540000000000002
b52b01c8-1b8a-47b2-a709-e49800573069,3365.9806808367953,3.8546566004979037,129.79243054881334,106.36740014690075,34.953281439196445,7.225545165804286,197.01109451604805,137.75347667450853,0.0539999999999999
b79cef20-723b-440c-a2c7-48ecb20d2165,4233.734765758043,2.7821585138793363,44.909907367024246,57.724646561684054,33.767126531069,5.604696290461733,93.84103467519127,75.4457616148457,4.125
5acd70f3-f7ca-4b58-aa64-be5f2abb9a25,7729.352106754523,3.1375615523698603,44.825760938122365,67.5344089467376,40.880173563278056,6.414349767730851,85.557402209821,89.6941957174396,4.125
708ac8aa-37f7-4fdc-aeea-76cfe5b0b62a,5212.888119001469,3.1654450578249,50.83350662753765,76.36407618753164,40.32123302424636,6.396367185569126,99.68507347395887,110.53364963575163,4.125
ffe4c588-b136-4411-9060-1d2de4172e25,8008.59866383715,3.162943485989964,50.17192357201832,69.39682493620707,40.77073942899793,6.45046301344934,94.72021509484232,94.39371421324718,4.125
5d5bcda0-c3ea-4ebe-b5ba-a013554dd38c,6558.174772203633,3.0804988644023115,48.02898684463081,67.86786705972003,39.88380424536618,6.213676982802309,95.54908952873357,91.17371591798552,4.125
ff8b6352-94f3-4e73-a3ec-410842278af1,3629.668103039938,2.2164827190632574,56.51699986623153,45.546492243526544,18.85950589133438,4.3854466725279515,109.06908320027924,51.55946719484339,4.125
04fa2d91-e66d-45b5-bf8c-2db0296c8d7e,6747.246431961416,3.2963331471435193,74.5349932869412,69.3656369135548,37.2966402287193,6.464917090999176,126.05650771383245,89.60197106434343,4.125
595a1cdc-a5d4-45c0-b278-25f27af37c25,5823.904604051284,2.8890372747027664,63.215580663116896,69.35977787460924,27.15473679210216,5.602371991481777,110.48504434167313,90.56748727291892,4.125
0219dad7-2f40-4586-9ebc-f078807d5538,5211.327613781302,3.420718137346138,96.49356884327976,86.48417671922213,33.05136976440046,6.502515889412954,155.20980075535473,105.60604107880003,4.125
42d18064-1646-45d1-978f-a220ed940cc4,2789.5723270266126,2.4229046981470335,70.52446576149322,81.62207812425592,17.242731071178383,4.646614072133683,126.66452835833628,112.08615457424771,4.125
bbbd0550-79c6-48fd-8613-2f923fd4a027,2414.79147857765,2.619445461042562,83.11099023654144,72.43546081351404,23.971942131986047,5.091605408578581,154.67474672013603,87.70590736979102,4.125
387d398d-5304-470b-95b8-e4d4ad3c3e65,6048.624644421045,3.4197339808376794,93.50693266263619,91.27711648895713,30.041406954678376,6.396269649624786,145.18226335127,112.49866153988289,4.125
491c25da-504b-4c29-9f17-98607be848ad,2827.5938646265354,2.33215867642855,61.25860137244875,87.57654234131196,16.657240300134184,4.47899988265212,108.51959778780522,126.70894610996719,4.125
fddd9b0a-0445-4d65-8cce-6fcdaa7e5298,5060.097961608053,3.3748267190710926,90.08984818381869,86.55291575130069,31.75078873601379,6.367283016841358,143.8569131296789,113.0347478669477,4.125
d091ccc9-7f22-48ab-ae96-3cdc399163e1,5894.516608134238,3.5805491221517616,100.34257089278141,74.91887808590603,37.09647410260769,6.810218141524121,156.7255755692539,89.34551913883408,4.125
591f4c71-dc15-4ad7-b450-409f3dbf50f5,2530.62676224113,2.6329280337929544,77.64651598622287,82.39256913366285,20.786272135509897,4.95759145535563,138.02034420356975,116.09145181785449,4.125
6bc8c5af-d8d9-46f6-801d-4765cefa91a7,2798.8419166301396,2.868479316924603,90.46226669811503,76.9334611921719,23.65779069782065,5.34636942364786,159.88595806659333,96.21147909158478,4.125
d2265ea0-2f5e-4243-828c-4431af3429af,3060.3279373249698,3.1082548986322855,96.98540988371266,89.63164093277753,26.270976711978914,5.786565178163605,159.91794081334376,122.88883103928804,4.125
f8ff0e6a-2414-44b5-b415-5594239e2e81,3738.71515731539,2.8529159377029165,92.75066428407601,75.43288131200308,18.00390864510274,5.134600858966778,154.01755675026124,88.507750433073,4.125
bbbb583d-a9ae-4bc7-ad3a-62107a32b771,4578.689494476328,3.6629118763112025,113.42689623689115,82.676759864701,38.378850083078,6.991807061717019,179.01058509128774,99.69471657334064,4.125
cc0c9073-20e9-4ffb-85d4-1179d04fed1c,4788.482994619419,3.5578089657814638,109.03739219986994,86.202657774302,35.73814025160148,6.763747488674557,170.54515146566206,104.57323453241347,4.125
3608e3e6-4f53-4e8e-a08b-c9464da81b8b,3761.0710050289013,3.475937723730352,104.15902827881371,111.24717507919391,29.795732405063116,6.428385605855702,158.1573739318385,155.59008906199847,4.125
9b2648d2-03ec-4b07-b910-91ea102ca3e1,4815.806635542495,3.572939034495107,111.76401302241194,71.88166371283711,33.93193527154722,6.622565548478557,169.79357851306003,80.78331072586766,4.125
227c34ef-7482-4e1b-8d29-a96940a950c9,4446.063643810848,3.501735359210039,107.30351354104876,80.51604249021152,32.83544873253621,6.590526330933434,168.5248663176003,99.44434295484682,4.125
bfd40641-dd39-4d60-b3c6-8ea540ffb7c2,4310.447412117157,3.4897477313503273,110.50346004123757,85.08574364884849,32.71037791967713,6.560259802998164,172.71592366629375,103.43404955693411,4.125
f89a98ff-1ede-419c-9276-f4dadb7cfba1,3669.9601421040506,3.5811306878450324,118.52070883054392,90.37051690737306,33.51080457326654,6.741917260974902,187.59265549931035,114.49027366464126,4.125
e29d220d-e583-4824-91c7-73d521f11409,6807.705336058196,2.3853471671730886,42.33962371225941,65.75890386279579,18.01597659490088,4.480476655202088,77.1749978795737,87.66657483482696,4.125
c6059c9d-5215-4341-a6ad-ad081e0da71e,6161.315183093765,2.733554725500904,52.69699422586303,84.06629500921936,22.369710964327567,5.165083782055073,92.29586125118155,118.1322541433607,4.125
96279f8c-eb40-4710-9a52-f0d150473447,6992.761499654672,2.8522063571496226,57.46196400559389,71.40001198267656,26.810573584395208,5.535154635548045,99.30804935486448,94.12762783354886,4.125
7d8cec22-fbdc-4bcc-81b7-7380ef4b91d4,7400.392231722385,2.837551556105891,54.03459858992699,76.59152245618162,26.335958242769056,5.4890164154480825,94.91833527033626,104.68307947007983,4.125
ec8a1dab-ff8e-4a63-830b-8a16799149c0,5975.493089337307,2.9791869184701905,61.63926670984169,79.03734550940699,28.660653421570824,5.760829973478726,107.11510979739722,108.37995279714575,4.125
9561dced-c1f1-4bac-b6c2-2454d4987f9b,4908.924260840559,3.5032092680571636,106.52061134630965,90.85543370727174,31.031867050749284,6.52320737474153,164.9492988679834,111.25511280468169,4.125
1f783b9e-43cc-40ed-a2d5-3324c0f5bec1,4446.023040722726,3.4770402742645423,99.36325692292986,105.09391796650407,31.019127414373923,6.535796319827282,153.64640239961182,143.26103168510002,4.125
166fc52b-0005-4970-b280-95d6e19d12ad,3498.868771581673,3.263340094136135,101.39918989436282,98.8463260903028,23.522432554352747,5.823700787821118,158.87417897805867,130.0391807545735,4.125
f95d6091-d194-4724-b1d9-155dcaf9048c,4522.611269442519,2.6471811372698215,90.28029973825332,90.32166418534155,11.029478100071865,4.707652682222348,149.24895143073277,111.62164353668291,4.125
811db87c-9be0-4f51-8953-0fd927c44651,2769.9687833354933,2.9047363771854866,93.78853732611017,75.18782297008944,23.48032060894551,5.422130166041703,163.5666490958884,93.86135118057952,4.125
d5669555-031c-4757-86e1-d6c5c285c902,3610.5235826141534,3.4652867349558067,105.51303771618586,94.7965098121933,34.63565811146776,6.645282598633914,171.34358823696243,125.8393248210182,4.125
3fae5f8e-a463-42af-9f8e-fb0397ca533f,5771.845569442982,3.62572682966078,106.67419003665053,89.3239074409337,37.24545393121131,6.940382400653579,166.46071010288526,103.98900192961712,4.125
2edb8b56-2630-4abd-b98c-0ada0f8d6549,4373.10312725351,3.4935459748308504,105.80460713533803,98.84011646151231,30.09991904932601,6.451659652410962,162.49268418645505,129.12265300556584,4.125
e41859b7-40f3-4c2e-9d3c-4301a98063b5,3127.981529249295,3.0840842740304675,97.93752328170437,104.1625153052974,20.416663399109975,5.453372942939554,150.3251002051169,149.39395824338197,4.125
d88fce3b-9ce1-49bb-99ce-7e5c155ce981,4748.974971015892,3.3650626454616086,97.14307794426469,76.8846074560777,37.44335358414496,6.573660820276212,165.87346456238984,90.48328760162877,4.125
0b6818fc-92ab-4810-a8ff-9e03122846a7,5645.919329139946,3.651487420730672,114.69960921786807,93.39237123401362,35.9199719526889,6.829286989479014,174.4712696650284,104.33826383956757,4.125
bbc18060-daee-4624-9223-0a230f154b1d,3524.722399824457,3.4437543082071738,120.89979740679914,107.33013696001593,25.852050981592804,6.189797358381815,182.89907125788912,136.68687043685125,4.125
485535f2-191c-4dd5-bee6-fbc97986dc8d,3652.9774311911965,3.7539985564979643,125.75199422411204,101.84975023848595,35.54364899935135,6.988608385820614,195.87098637063195,130.35667099956797,4.125
6f17068a-d1ea-4395-a482-131531421b9a,8321.5198363196,2.892387351503356,49.97110573731036,70.56748302455743,33.583329636956506,5.881770963729081,95.32064462683526,100.71242943556129,4.125
5569d48e-86ba-472c-b33f-57d4f7845077,6380.81157257043,2.961619539277139,47.16581654462906,67.93674791419548,37.52640570928297,6.020836869969491,94.51023151720904,96.34620115268544,4.125
379df2fd-4350-4301-b0ee-43b3bfdae90a,7453.8770090352255,2.5852675034212655,42.78413933012631,66.02704487093516,26.72662209628322,5.1946807341464964,85.55106741193782,92.57222701165732,4.125
286594d5-5ce0-41fb-acf4-3a50aab61c28,9307.198491702673,2.7827436667076273,48.872164602635436,67.5681148725728,30.371783271813076,5.617342035833135,90.66168263285999,92.74953608395309,4.125
c002673f-c3f6-498b-bc95-9a573fca1598,7458.839275163668,2.9107728156659562,59.83242456744393,74.25937592714342,29.950873199946315,5.727551622238791,107.01146949652573,102.50661505963839,4.125
029403bf-f42c-473d-97c9-4a47b9b3dded,6132.688368725751,2.8122509887439713,57.99372735178665,78.28240182749207,26.32012954242997,5.448548254284555,103.81950933867958,109.05382504534859,4.125
5df4f306-471c-4def-971e-2b2157d673c2,5653.205473480503,3.1264116733109177,83.03925280704823,87.00483831860316,24.770527010279523,5.759885617422458,138.08886724087031,110.5648076301299,4.125
c2955498-d3b9-4610-af2c-8c0c379feacd,4999.812969997319,3.0713082447950133,91.8502833346333,75.03710596898038,23.15060740153809,5.594322392544574,150.79275579108509,88.86576708554244,4.125
f8ed8e37-3d8a-4c66-a2e3-a954ab2d4bd1,3490.8585853030813,2.2439912087375506,63.6290311030908,56.77528969549087,17.93458851725457,4.393835432064474,109.67169032381635,71.22010664271764,4.125
79752d06-7b55-4fbd-b830-d54d5634a1cf,5165.839716721441,2.987018473816733,84.89639617765613,80.96937067743802,22.698105865562813,5.5196918116326374,142.65321616699293,99.85780754918456,4.125
63553204-5acc-4f6d-af67-eeac78d484d7,4523.483345367664,3.324592500755706,107.38626357039524,74.77736331955977,30.50754261926373,6.198324617931785,175.71429069557055,83.01130972780837,4.125
3ee259f1-69f8-4df5-aa09-5e3bdb8dd3ab,4412.924484159436,3.416042986910399,106.62138494220474,98.57879142250383,28.314937965090362,6.251002029488443,170.27046265846906,124.8583029882665,4.125
a4b03367-53ee-41bc-8138-a2dddb1833a3,3933.820916715199,3.2431780762675655,105.9757679448193,79.59540652578853,28.24392943864591,5.952155558336224,175.51353357920127,91.11695106186424,4.125
3996cf45-0a44-4342-bcef-adea687338e1,3789.9448965342226,2.7519109096994168,85.71261607128991,101.50064692044242,14.256101545942947,4.882807278305743,138.56020139484468,140.79007331657996,4.125
9bf5e963-e351-42a9-8e26-0afc9f4624fa,4767.292070634758,3.1417353934127075,93.7628388051806,82.61739585836999,25.65194488069427,5.776811773144966,156.3541173894784,97.4046161511605,4.125
6303dfc2-e2ce-4db9-b819-97a3f90e5cfe,4230.627374897243,3.0999120103208786,96.07375094188252,87.92251174456094,21.799217518829458,5.558104878181231,154.86527010803096,111.96704434667612,4.125
34d6a583-17a7-4305-bd4b-f4b0c673e0ff,5116.7688955921785,3.4077550874024434,101.71186973498106,82.84125997730644,32.506963091362,6.400298112886339,166.00742681756662,98.63073258177499,4.125
8f2a8145-2653-491a-a857-f19ca2b93e9f,3613.9790375739262,3.293901367249089,100.4629227515206,103.23510526130556,25.497118385897135,5.9267714531247115,159.94937061325237,139.2105556371859,4.125
1d8787ee-0e03-4762-a38a-681a0c2e3a05,5485.364839372933,3.245390032289495,93.39071967366917,83.07512015949216,27.50167496696267,6.009825737583905,154.24173516000417,99.0813931348527,4.125
7f9df905-2312-4ca4-b742-dcd465967699,4982.318718989121,3.2866323358388034,97.61279091303122,75.7914830222706,32.474565880001336,6.277491236695264,162.41853138354392,90.52234952050273,4.125
2dc7e7a4-5548-438f-9c50-b5ea5e5bbb41,4685.97722249577,3.2983684969024725,102.030224849597,75.36658228642197,30.933038277026586,6.200431255548494,166.53579981162198,88.9914855837169,4.125
f24295ac-296d-455c-8300-3e3d5947a900,5081.289058913326,3.352058842615176,95.47196256395603,90.18652908824183,31.91162294904773,6.347977134571196,157.3595219481037,112.47998675710433,4.125
a90bc9cd-f306-4a7a-bb50-7b9617fb41ff,4523.636859944113,3.1282341867391357,89.9818053226426,80.48827219923298,28.386419600313996,5.866457938185799,153.89229152468974,95.25880563283485,4.125
a1a1829c-eccb-426e-bf45-7fe8f2e65950,4958.973289573026,3.174259073396954,89.13065773568356,91.3633268510062,24.700856210509293,5.803278995704651,148.89314540993118,111.23170598802191,4.125
a69b387b-ac13-4c6a-9789-5aeff9854fec,3856.7149423229303,3.1675634343303165,92.98431682517568,90.42954101410999,26.855832056188408,5.845928690759271,156.637392279134,114.79163347610663,4.125
dd130ea0-e49f-4f7a-960b-48d5e4e8f1bf,4352.9671155964315,2.989343636528529,89.17866588090561,88.090377226628,21.10287711231392,5.459820633244354,150.60335993415595,108.95691225127082,4.125
c4865936-3bbe-4c46-bbb1-db779a49134c,8858.491660247546,2.4387096055334125,42.27557911381366,53.06494256560168,23.65914623325127,4.891749161988043,84.38238527745422,64.00048707107763,4.125
ace47790-7e1f-48a1-9fd9-b22a84ea9439,4651.731660031342,1.3677003239429286,24.507355571163668,50.435535202606474,8.360299624362607,2.67393656469386,60.84638593295277,59.96939722501459,4.125
8a7a551d-1c4f-4644-8ee4-91e7a36aaec9,6547.493111281079,2.3523420597662295,43.92450875119681,59.76241784898977,20.20005915769479,4.597063824203017,88.06508821760855,75.46350119087428,4.125
1362ef9e-4c69-4709-bd50-68f4750d8ef8,5242.972367637489,2.1651552940669996,39.32478209976285,62.64685667337413,17.526436505047418,4.242031500615427,82.01445174810578,81.55484576473364,4.125
4b0c1c33-2414-4135-bd7c-7ae14052ed55,3744.325185451267,1.7025148928503433,35.673750369334286,57.400400350627244,10.839921142674765,3.3091645890415764,74.4186001312755,75.30003002270357,4.125
1da469d6-983a-469b-9a9f-93027ff1ca95,4291.609844479355,2.4145596511897383,55.0690355703958,77.32658389569039,17.219644169213154,4.554692420750423,101.33030262688298,103.4331306485197,4.125
6495043a-2e64-4ca4-97b5-128e81f1d2d5,2045.7559765842452,1.6822338839940207,43.73496568608418,62.371323719024694,10.668176432177852,3.190842019298248,95.29721098559928,82.07601191679305,4.125
f2edc6ff-e04a-41a2-a0da-8ca06aaad020,5305.345641584915,2.4775374681869353,64.07218637612762,67.81045648457182,18.947621432852905,4.6992132000261115,116.33220949393724,78.97021024588159,4.125
b3554123-233a-47b1-930f-49fa88126ec8,4473.1893821974645,2.7136131248641275,74.20779867328923,60.495682570312184,25.389386639853676,5.297186604116782,134.03453322778446,68.27409618733347,4.125
851e2374-69ef-48c0-8918-c56dd9de72aa,4816.670080227989,3.867343843394474,130.17253640210728,108.54890471110674,44.85494328101904,7.579192259770144,203.6348401204535,132.99730859043822,0.0610000000000004
60e6b712-3a10-48dc-a1cb-ac2db3e3ae58,3317.127582876667,3.8581551448598645,131.18951295047373,116.26584787851142,42.50247912218383,7.584435080004813,207.3600259839395,158.02363135839298,0.0609999999999999
7daaab19-bd10-430d-b424-4c2008668d1e,3504.6604198147943,4.109742485230805,122.41049783367554,130.67833671796743,48.77437856598926,8.193474913033242,191.24397560883125,193.84652064432265,0.0610000000000004
347aa17b-d5e4-4074-8b0d-7036091fc7a9,3101.0170530048804,3.877808187359454,118.41837886459498,129.78212265450313,41.85762032697024,7.457901916857947,183.05457888196963,194.4505545474263,0.0609999999999999
5fc579c7-6d2d-425e-b38d-e495b218ac53,3686.310037851293,3.9747906256023935,128.94869675439486,107.27654836561447,42.32958232590142,7.688526067832731,207.6958348252093,146.8244669869715,0.0609999999999995
de23190f-d0ff-443b-b9fc-68efc445b715,3337.957131694063,3.997552696406471,126.73291007969672,117.42156515455287,47.59932113780076,7.907576298371692,202.33586472449386,164.19899751452797,0.0609999999999995
6ca86998-660c-409b-87a1-acae8bad44ae,4049.1512497143085,3.7267705291257487,130.27638487568393,112.68460678575343,39.79158642657299,7.236423540524032,202.54609097167912,141.21901185735226,0.0610000000000004
69e4503a-38f3-4e3e-b9ca-eb620e387fff,2668.49401034313,3.699710951078305,125.86333600624761,121.18225190978856,41.28847484342079,7.357859529086079,198.62000073608766,170.54103832988312,0.0610000000000004
d54abc12-1e8f-49be-a86c-6c5d555cae3a,2414.118799465686,3.4901632181936733,128.9230282583314,119.43019319445406,34.9517128604162,6.872362833485585,201.70401889187707,163.3763228246767,0.0610000000000004
a6e1adcf-d688-41eb-a713-e440e01e173e,3255.6900502533103,3.7943764472580632,114.47688886150908,137.88996432963896,37.77019638941692,7.256474503218518,177.6926276416286,203.70877063339685,0.0610000000000004
76e725c6-2f8e-4877-8df8-b34f03ae16d1,2746.4130425939147,3.648449025137958,128.96315633546922,116.98179482899093,43.257500762916536,7.37761780691946,203.83037147250712,158.54405522917017,0.0609999999999995
405a6fb9-2db6-4127-849f-7dea62d17501,2253.527414496456,3.478548913235301,128.26132957565838,122.58717342722434,33.287064473411256,6.814275986040792,199.3903693098464,172.30430742002605,0.0609999999999995
1be2445e-9a13-4964-a602-e068ce13a64f,2728.6407825757433,3.2585723310580956,113.8666958856689,127.59452881653567,31.14701058806371,6.277349225545669,171.75326757996612,183.17422758305298,0.0609999999999999
bfd1e299-a9ef-472b-b544-822722697fb7,3724.4903014221923,3.7794687112107392,129.31255654952045,106.6744750257609,42.98422413136585,7.482010319180659,205.08408276394198,140.84715330335595,0.0609999999999999
0afdaae2-9662-46ef-baed-9e77aaf0eb88,2964.430471687856,3.5801791330614123,113.607504991398,125.77508582470222,35.67803281831035,6.979246513706063,180.02629282620916,189.48635039143645,0.0610000000000008
d5b5058b-acb6-4bd4-bbd7-afeb1edbdfc2,3645.1521284294517,3.554010042629005,125.91689407948981,109.05315588345253,39.902212643532714,7.094188874291828,199.24302581631116,139.7384846391216,0.0609999999999991
c35d0bab-985d-4a75-9f79-8b44fd27130d,3717.497757617434,3.8482473458880397,122.35930480158108,110.42869476408843,42.32107745581456,7.496223321152158,199.07216131985479,151.1010998486491,0.0610000000000006
7ffa783e-965c-4643-8c84-d2cf859172fa,2953.0121986463823,3.4785310253379147,102.42725345784801,161.8062105885308,31.885485263161087,6.672725667011654,159.51975931383524,227.64232105839667,0.0610000000000002
a1b943e3-02f1-4714-84b1-2f3fcb2468d8,3262.9092046557107,3.7311841593007156,133.2642754152127,95.93800981659564,36.049997168539356,7.232405076541381,217.32290699932767,124.41600221244538,0.0609999999999995
d3147b70-2db3-471b-b241-37756cdf2501,2902.3159151443692,3.341981572695519,117.9324471222791,115.22049476848753,20.47474420346123,5.868723425208659,183.93162319480732,158.55917062648209,0.0609999999999999
3e2d983d-b229-4378-8d0a-1049484eb1f9,3278.1209424396425,3.469577017476177,119.52954544906322,115.59863665435662,27.709040303507116,6.490502088553618,189.40747657428392,158.86418389639508,0.0609999999999999
227c13e9-9608-47b0-9b8c-fabe34383242,2996.1436089446847,3.4664196441399997,126.58080896595003,107.65262781489406,29.885413010233016,6.626394684494128,203.39188704887212,142.11991812169816,0.0609999999999997
62dcf590-db3a-4014-85bc-04d72264d36b,3776.1897463613013,3.251812298801393,116.00315799767513,101.49744361347811,18.7079785840536,5.72111854821101,182.20567896056727,129.28936494594808,0.0609999999999998
c252aa31-3768-402d-886c-2e6bb67e485e,2257.0725612407955,2.9925936326109572,113.01061898652735,113.91401197846517,17.18209835885151,5.411092317545278,182.38285588565702,163.50369440643294,0.0609999999999999
6df1d589-c1d7-4b59-ade9-4e1c9e967629,2107.9921239499545,3.007546468721793,111.45940509414126,110.795619381087,21.80241506379203,5.647469211466098,183.98419047460956,158.4245320772632,0.0609999999999999
311c28e5-5ac4-4d95-8d53-050421b7292f,3296.7940536923684,3.2658582720109273,110.54685244484737,110.02076488758931,18.03463818366331,5.794518456317717,170.16583328135124,140.2948460331234,0.0669999999999995
416ba33e-dca5-4e44-b05d-f9e25eee659e,3382.8999198087176,3.546038291922249,116.89861726970251,118.12293510458858,27.860396374323447,6.697798332617029,179.06573286664843,159.1887077565466,0.0669999999999999
dc110172-4456-4667-8529-f7edf6564400,3398.0892258504455,3.411290389524514,110.38752678318862,113.75159537287865,17.98457236786,5.826162271926891,166.45154358759913,145.92774682117584,0.0669999999999998
e3ff7edd-17fe-4333-b60d-f5c4bffecbf5,3207.109840095842,3.031884958154457,105.15065116106892,99.30020651244635,10.930198736199152,4.972126700606165,165.13811903052024,118.95127642123586,0.0670000000000002
cb1f53ae-386c-4938-bca6-99916f328488,3240.3287769581266,3.4592661048253084,110.46631471992312,117.93476938137395,25.284736665005322,6.360673202924696,171.50588212041455,159.5163520421765,0.0669999999999997
4e538e1c-33ea-4a43-b6dc-0d7e760afaf2,2784.55485024443,3.233129349903093,112.3568448581843,104.14980203001188,20.386213543356565,5.799592682830791,176.75239236153794,138.40995105935605,0.0670000000000006
5a3cdfe3-c013-4d98-828d-245dd1f5b0ce,3571.0730609849475,4.012335937568703,118.93905735490527,132.95397811976187,43.14200499109702,7.624937794659088,182.42753752558116,190.10037678984295,0.0670000000000006
864cd7e1-5e91-412f-add3-ae35653f8f7d,4535.2537183134755,4.049822843618493,126.3849221740943,121.03612566530114,48.27640259282689,8.155006838837217,197.76788890896822,163.5764132919196,0.0670000000000006
c4372eb5-50ec-4372-a394-098eaab69812,4268.209155808382,4.022914964176401,128.22584777288426,105.55399063725113,51.608900079958495,8.276904320239886,206.21829799261457,138.2607792057176,0.0669999999999997
c25df907-32cc-4938-8e4c-8d228ef822cc,3975.2666892270945,4.058311002300987,125.91555998262778,115.62140879502121,45.29812619346759,7.931183894729475,201.16247079747023,156.1657671161026,0.0669999999999997
990fc215-2fd5-4e68-8037-afdc660311b6,3668.3141542857497,4.045209870597265,120.09010412728723,131.03478704052173,45.20081935806332,7.87602580166198,187.50418025135988,185.51968264953993,0.0669999999999997
a9c2731d-7a6e-43b4-ace2-86f3cb5eefaa,3014.3747648627136,4.037061571805403,131.6419938182266,109.51032906467356,46.31439075317857,7.972143329759152,213.39772427799087,148.09279027869928,0.0670000000000002
64abf681-cafc-4f68-af57-125b415bc450,3051.1545888297633,3.9528072723051233,121.95776421822444,128.48265230493553,43.773296019113154,7.677682570349671,191.64408994454482,181.98682567636703,0.0670000000000002
a3839e74-4891-41e7-bdb4-2a718a72535a,3286.457010441201,3.548305759025866,124.03965353416604,102.47542221597179,27.87220579659571,6.586792331516335,197.12872904001858,130.57613352908442,0.0669999999999999
894f976c-480d-4764-ba55-770951d5d556,2220.773968775352,3.022219203756647,110.6829522808794,112.38400759116256,19.389820259790937,5.488753354679036,181.2632747579558,150.98494935183558,0.0669999999999997
6af62c35-cc57-4fb5-8ea4-672768514a66,2560.774015121493,3.5324841708947234,119.99026423793588,125.33903419234198,26.65996989941567,6.457671945555126,186.14825019672517,175.0931018910457,0.0670000000000002
80f52efa-6fc5-42c7-95e9-89c460443161,4587.77172969826,4.060154235068204,126.43937798381711,115.32345465837288,50.025730109546394,8.176680751376065,199.12718370220315,151.41592311495694,0.0669999999999993
ff20120a-5d99-4d52-abcd-a89d19e0c87f,2689.7735905718914,3.7357560455563203,131.11626609535708,112.1947601813882,38.65318370573715,7.397331365587685,208.7876654064451,151.6182050097519,0.0670000000000002
c4eb3957-ba9d-4a03-9f71-eebc1cca3ceb,3234.708815169575,3.9638090063026223,128.30534211598908,122.90798050969127,42.74970916843469,7.460983956701881,194.40077113517486,171.40936876542068,4.125
0628a224-40aa-40c7-be33-5474d65709eb,3228.4142858950627,3.4259498175170124,130.3047048631223,98.85757925685134,23.415696666525058,6.007058893147006,198.32073271689652,119.55888892629862,4.125
c36ee690-e1c4-4785-952e-2929c17f6ca5,4218.480744174402,3.6924382413880403,130.9118104123918,96.2959037965619,30.097554757205504,6.649980191114897,204.88370914217379,109.92931656125228,4.125
a71992b8-9943-4961-9e37-7ec4a61dfe88,2700.5678365689146,2.0693161782506153,84.67714662554212,56.35501987628992,6.456592363533858,3.5604106805098787,170.63414704633107,57.10317808409501,4.125
07f45191-4573-48aa-b44b-e542938ed53f,2501.0061287658737,2.799831474372109,106.51338251549988,94.14276885139543,13.65173391187331,4.6919256201741195,175.58092218510035,117.1226919841477,4.125
8e900e33-682c-4bb5-9ca5-829ea083352a,3526.303232740958,3.4530749337007696,113.70224395698777,109.63499899802946,31.30636055050795,6.480832487985283,180.699677694304,152.32649256575388,4.125
05bd697b-7c8f-4b1b-9e3c-8587ee0080ed,3914.466130260789,3.429803937130769,103.89973760515467,118.03051087643505,29.10144288720015,6.338093984575758,162.41552505667565,168.9248003147361,4.125
09e9b37e-b5f3-4814-aaaa-641dd5998ae1,3645.636030214544,3.3480920840081,100.93638743661964,123.78724101823546,24.682675080658846,5.972172798707454,156.09190409201136,175.59953664471635,4.125
d4939765-8d27-46b1-bf1f-753405e43fed,3433.613869926395,3.201423002880338,107.32544455385155,109.55403459479105,21.11738591839208,5.630576378258837,165.3910386560053,156.01897823007252,4.125
2fa09330-461a-4a40-9af2-d8ecba7b129f,3414.835760932438,3.651370433821375,125.98202094950136,110.24474308260753,27.757824973471383,6.76173324346799,190.86349665374684,143.71352681642304,0.054
e678370c-3939-4c29-bc29-65d5d4adc30a,3724.981925837044,3.793021399079386,127.15754582446056,110.20185071565005,33.24780088451385,7.175753784020669,191.511207834663,143.94460628064624,0.0539999999999996
5040c351-6a33-4f7a-9178-161e96da08b5,3371.7121687141694,3.7598447334930687,134.76873462884,101.18820850294499,29.67030926737455,6.960384108853801,205.31766325549717,126.99012177064657,0.0539999999999998
0d3a645c-ead6-4ce1-b85e-4b88753d342f,3141.998478940146,3.4892238438900196,137.0231094032544,86.01116122933036,24.51592399880771,6.466503542461348,213.85984078412616,93.1554416728529,0.0540000000000004
10c1bde0-fbd9-4a85-a68a-5b55bc627290,3895.4092764772313,3.9141975772814286,130.01626165301425,101.7554309376645,34.35248888330949,7.257037541795107,196.68569298800443,127.76841823715316,0.0539999999999999
18abc46a-4cf7-497a-b6aa-853f74a90402,3742.098820650375,3.5793691829325462,117.92458705646025,106.78444974307924,30.5253295183877,6.56918675064867,181.58736786164198,138.4424747386985,4.125
dceb238b-6ade-426b-bd29-8910eda606e4,3483.869763986186,3.505119583611579,116.84795114496771,117.88088470178975,26.643840141944313,6.318066543861718,174.66050490700223,159.6130418856694,4.125
bd49cfd9-436b-4286-a64e-df1d557b5477,3149.8750550273476,3.562124263453783,122.5947661431682,112.61767531296057,33.22863213399539,6.728733927468053,188.7629955547174,151.0461817577506,4.125
8fa22e69-a346-493c-ba94-050d9af80dc7,3429.9529279498665,3.5631775678784634,119.00418177490862,115.95704124440283,30.08831269006923,6.573513906786049,179.61038294306817,159.41313863233307,4.125
8132f0f5-37a8-4121-ba19-620a1fe5f5e7,3685.5024389932705,3.7715253443317414,121.04561682618716,110.87773472550214,36.38824096140889,7.027215996168845,186.63127549744772,148.25202094457137,4.125
834d3684-17bb-4ee4-8da1-cfd4b1164b23,3483.4968759519775,3.459915182167192,115.57460327277948,110.99445306906084,26.55065939925571,6.26793999594918,175.31230745928954,148.97007673836018,4.125
645e6b14-7346-4b24-864d-839c843cc8f3,2231.5294707804146,2.6168213092155925,76.14934447060483,114.92783254263564,20.525129205912904,5.0823882319114135,136.70468186988208,183.89182543687957,4.125
63a9936a-ef40-4cfe-b5d3-ea1c1c697537,3031.530311130845,3.430812365357683,121.93326639189856,108.83488459994115,28.386143934723357,6.363742237436901,188.51003646998075,144.08478354718443,4.125
4095f85a-bf18-4685-9e81-fe4fdec68981,3168.413118993394,3.4507323847807365,115.88610541029666,123.97001373291398,26.240286645013356,6.260163727422737,171.35609403630082,175.6139717148599,4.125
a933165a-174e-4bbd-9ff1-1cf44885ba79,3022.0260863705907,3.1961567904407855,100.08100635459004,126.72794902313233,17.953162231595037,5.3221983734062475,147.58598766860362,176.82796818972102,4.125
bdc3e3a0-7c93-43ab-b135-7353cf6fde20,3666.0568124769616,3.505970221518167,116.31914039798959,115.03865378133122,28.6846645845159,6.4509377322266905,175.35841907144166,153.66374303750817,4.125
